,Athlete,Country,Gender,Discipline,First,Second,Third
0,Janja GARNBRET,SLO,Female,Lead,33,11,5
1,Ja In KIM,KOR,Female,Lead,30,13,13
2,Angela EITER,AUT,Female,Lead,25,13,4
3,Anna STÖHR,AUT,Female,Boulder,22,13,10
4,Akiyo NOGUCHI,JPN,Female,Boulder,21,20,17
5,Jakob SCHUBERT,AUT,Male,Lead,21,17,18
6,Ramón JULIAN PUIGBLANQUE,ESP,Male,Lead,21,14,8
7,Kilian FISCHHUBER,AUT,Male,Boulder,21,11,15
8,Alexandre CHABOT,FRA,Male,Lead,21,5,3
9,Muriel SARKANY,BEL,Female,Lead,20,19,6
10,Mina MARKOVIC,SLO,Female,Lead,20,19,6
11,Janja GARNBRET,SLO,Female,Boulder,18,6,0
12,François LEGRAND,FRA,Male,Lead,17,11,3
13,Sandrine LEVET,FRA,Female,Boulder,17,5,4
14,Adam ONDRA,CZE,Male,Lead,16,6,1
15,Anouck JAUBERT,FRA,Female,Speed,15,6,7
16,Evgenii VAITSEKHOVSKII,RUS,Male,Speed,14,13,6
17,Robyn ERBESFIELD,USA,Female,Lead,14,10,4
18,Aleksandra MIROSLAW,POL,Female,Speed,14,4,4
19,Qixin ZHONG,CHN,Male,Speed,13,2,8
20,Iuliia KAPLINA,RUS,Female,Speed,12,12,8
21,Dmitrii SHARAFUTDINOV,RUS,Male,Boulder,12,9,3
22,Maja VIDMAR,SLO,Female,Lead,12,7,14
23,Shauna COXSEY,GBR,Female,Boulder,11,12,7
24,Liv SANSOZ,FRA,Female,Lead,11,7,5
25,Jérôme MEYER,FRA,Male,Boulder,11,5,9
26,Olena RYEPKO,UKR,Female,Speed,11,3,6
27,Natalia GROSSMAN,USA,Female,Boulder,11,3,1
28,Tomás MRÁZEK,CZE,Male,Lead,10,11,8
29,Stanislav KOKORIN,RUS,Male,Speed,10,5,4
30,Sorato ANRAKU,JPN,Male,Boulder,10,4,2
31,Sergei SINITCYN,RUS,Male,Speed,9,13,7
32,Anna STENKOVAYA,RUS,Female,Speed,9,7,4
33,Johanna ERNST,AUT,Female,Lead,9,4,3
34,Isabelle PATISSIER,FRA,Female,Lead,8,9,5
35,Edyta ROPEK,POL,Female,Speed,8,7,7
36,Alina GAIDAMAKINA,RUS,Female,Speed,8,4,1
37,Tomoa NARASAKI,JPN,Male,Boulder,7,15,4
38,Sachi AMMA,JPN,Male,Lead,7,12,10
39,Flavio CRESPI,ITA,Male,Lead,7,5,4
40,Sorato ANRAKU,JPN,Male,Lead,7,1,2
41,Veddriq LEONARDO,INA,Male,Speed,7,0,2
42,Patxi USOBIAGA LAKUNZA,ESP,Male,Lead,6,13,6
43,Mariia KRASAVINA,RUS,Female,Speed,6,11,12
44,Chaehyun SEO,KOR,Female,Lead,6,8,9
45,Yuji HIRAYAMA,JPN,Male,Lead,6,7,5
46,Olga BIBIK,RUS,Female,Boulder,6,7,5
47,Rustam GELMANOV,RUS,Male,Boulder,6,6,6
48,Adam ONDRA,CZE,Male,Boulder,6,6,3
49,Stefano GHISOLFI,ITA,Male,Lead,6,6,3
50,Romain DESGRANGES,FRA,Male,Lead,6,4,6
51,Jan HOJER,GER,Male,Boulder,6,4,2
52,Reza ALIPOUR SHENAZANDIFARD,IRI,Male,Speed,6,2,6
53,Samuel WATSON,USA,Male,Speed,6,1,2
54,Lijuan DENG,CHN,Female,Speed,6,0,5
55,Libor HROZA,CZE,Male,Speed,5,12,7
56,Sandrine LEVET,FRA,Female,Lead,5,11,9
57,Alexander PESHEKHONOV,RUS,Male,Speed,5,9,3
58,Danyil BOLDYREV,UKR,Male,Speed,5,7,6
59,Valentina YURINA,RUS,Female,Speed,5,6,11
60,Tatiana RUYGA,RUS,Female,Speed,5,6,4
61,Domen SKOFIC,SLO,Male,Lead,5,5,5
62,Susi GOOD,SUI,Female,Lead,5,4,6
63,Nanette RAYBAUD,FRA,Female,Lead,5,3,7
64,Juliette DANION,FRA,Female,Boulder,5,3,2
65,Elena CHOUMILOVA,RUS,Female,Boulder,5,3,1
66,Jongwon CHON,KOR,Male,Boulder,5,2,4
67,Tomasz OLEKSY,POL,Male,Speed,5,2,1
68,Kokoro FUJII,JPN,Male,Boulder,5,1,3
69,David LAMA,AUT,Male,Lead,5,1,1
70,Miho NONAKA,JPN,Female,Boulder,4,10,11
71,Jorg VERHOEVEN,NED,Male,Lead,4,7,11
72,Lynn HILL,USA,Female,Lead,4,6,2
73,François PETIT,FRA,Male,Lead,4,5,7
74,Mejdi SCHALCK,FRA,Male,Boulder,4,4,4
75,Yuliya LEVOCHKINA,RUS,Female,Speed,4,4,3
76,Ai MORI,JPN,Female,Lead,4,4,2
77,Olga ZAKHAROVA,UKR,Female,Speed,4,4,1
78,Salavat RAKHMETOV,RUS,Male,Boulder,4,4,1
79,Evgeny OVCHINNIKOV,RUS,Male,Lead,4,3,3
80,Marcin DZIENSKI,POL,Male,Speed,4,3,3
81,Dmitrii TIMOFEEV,RUS,Male,Speed,4,3,1
82,Annie SANDERS,USA,Female,Lead,4,2,3
83,Aries SUSANTI RAHAYU,INA,Female,Speed,4,2,1
84,Neo SUZUKI,JPN,Male,Lead,4,2,0
85,Annie SANDERS,USA,Female,Boulder,4,1,3
86,Simon NADIN,GBR,Male,Lead,4,1,1
87,Maksym STYENKOVYY,UKR,Male,Speed,4,0,6
88,Jessica PILZ,AUT,Female,Lead,3,13,7
89,Sean MCCOLL,CAN,Male,Lead,3,9,8
90,Martina CUFAR,SLO,Female,Lead,3,8,5
91,Daniel DU LAC,FRA,Male,Boulder,3,8,3
92,Anak VERHOEVEN,BEL,Female,Lead,3,7,9
93,Christian CORE,ITA,Male,Boulder,3,6,4
94,Emma HUNT,USA,Female,Speed,3,5,4
95,Dohyun LEE,KOR,Male,Boulder,3,5,2
96,Guillaume GLAIRON MONDET,FRA,Male,Boulder,3,5,1
97,François LOMBARD,FRA,Male,Lead,3,4,4
98,Yoshiyuki OGATA,JPN,Male,Boulder,3,3,5
99,Bassa MAWEM,FRA,Male,Speed,3,3,5
100,Vladislav DEULIN,RUS,Male,Speed,3,3,4
101,Desak MADE RITA KUSUMA DEWI,INA,Female,Speed,3,3,4
102,Arnaud PETIT,FRA,Male,Lead,3,3,3
103,Laurence GUYON,FRA,Female,Lead,3,3,1
104,Jakob SCHUBERT,AUT,Male,Boulder,3,2,6
105,Didier RABOUTOU,FRA,Male,Lead,3,2,2
106,Daniel ANDRADA JIMENEZ,ESP,Male,Boulder,3,2,1
107,Stéphanie BODET,FRA,Female,Boulder,3,2,0
108,Yiling SONG,CHN,Female,Speed,3,2,0
109,Aleksei RUBTSOV,RUS,Male,Boulder,3,1,10
110,Toby ROBERTS,GBR,Male,Lead,3,1,4
111,Svitlana TUZHYLINA,UKR,Female,Speed,3,1,2
112,Pedro PONS,ESP,Male,Boulder,3,1,1
113,Jianguo LONG,CHN,Male,Speed,3,1,1
114,Aleksandr SHIKOV,RUS,Male,Speed,3,1,0
115,Sergey ABDRAKHMANOV,RUS,Male,Speed,3,0,3
116,David LAMA,AUT,Male,Boulder,3,0,2
117,Oriane BERTONE,FRA,Female,Boulder,2,9,1
118,Yulia ABRAMCHUK,RUS,Female,Boulder,2,6,7
119,Sean MCCOLL,CAN,Male,Boulder,2,6,6
120,Kseniia ALEKSEEVA,RUS,Female,Speed,2,5,3
121,Laura ROGORA,ITA,Female,Lead,2,5,1
122,Alex PUCCIO,USA,Female,Boulder,2,4,8
123,Kiromal KATIBIN,INA,Male,Speed,2,4,7
124,Magdalena RÖCK,AUT,Female,Lead,2,4,3
125,Cédric LACHAT,SUI,Male,Lead,2,3,10
126,Aleksandra KALUCKA,POL,Female,Speed,2,3,5
127,Olga SHALAGINA,UKR,Female,Boulder,2,3,3
128,Natalija GROS,SLO,Female,Boulder,2,3,2
129,Erin MCNEICE,GBR,Female,Boulder,2,3,2
130,Jernej KRUDER,SLO,Male,Boulder,2,3,1
131,Momoka ODA,JPN,Female,Lead,2,2,7
132,Juliane WURM,GER,Female,Boulder,2,2,6
133,Myriam MOTTEAU,FRA,Female,Boulder,2,2,3
134,Vladimir NETSVETAEV-DOLGALEV,RUS,Male,Speed,2,2,2
135,Chloé GRAFTIAUX,BEL,Female,Boulder,2,2,2
136,Jesse GRUPPER,USA,Male,Lead,2,2,1
137,Alex JOHNSON,USA,Female,Boulder,2,2,0
138,Peng WU,CHN,Male,Speed,2,2,0
139,Zosia PODGORBOUNSKIKH,RUS,Female,Speed,2,1,4
140,Ludovico FOSSALI,ITA,Male,Speed,2,1,3
141,Tomasz OLEKSY,POL,Male,Boulder,2,1,2
142,Rei SUGIMOTO,JPN,Male,Boulder,2,1,2
143,Manuel ESCOBAR,VEN,Male,Speed,2,1,2
144,Iakov SOUBBOTINE,RUS,Male,Speed,2,1,1
145,Sascha LEHMANN,SUI,Male,Lead,2,1,1
146,Mina MARKOVIC,SLO,Female,Boulder,2,1,0
147,Gautier SUPPER,FRA,Male,Lead,2,0,4
148,Jacky GODOFFE,FRA,Male,Lead,2,0,2
149,Colin DUFFY,USA,Male,Lead,2,0,2
150,Megan MASCARENAS,USA,Female,Boulder,2,0,2
151,Erin MCNEICE,GBR,Female,Lead,2,0,2
152,Raharjati NURSAMSA,INA,Male,Speed,2,0,2
153,Toby ROBERTS,GBR,Male,Boulder,2,0,2
154,Shaoqin ZHANG,CHN,Female,Speed,2,0,2
155,Stephane JULIEN,FRA,Male,Boulder,2,0,1
156,Sean BAILEY,USA,Male,Lead,2,0,1
157,Shouhong CHU,CHN,Male,Speed,2,0,1
158,Andrey VEDENMEER,UKR,Male,Speed,2,0,0
159,Alfian MUHAMMAD FAJRI,INA,Male,Speed,2,0,0
160,Gérome POUVREAU,FRA,Male,Boulder,2,0,0
161,Caroline CIAVALDINI,FRA,Female,Lead,1,10,2
162,Natalia KALUCKA,POL,Female,Speed,1,8,1
163,Natalija GROS,SLO,Female,Lead,1,7,8
164,Alberto GINÉS LÓPEZ,ESP,Male,Lead,1,6,5
165,Alexander MEGOS,GER,Male,Lead,1,5,4
166,Taisei HOMMA,JPN,Male,Lead,1,5,1
167,Aspar JAELOLO,INA,Male,Speed,1,4,1
168,Jerry MOFFATT,GBR,Male,Lead,1,4,0
169,Gabriele MORONI,ITA,Male,Boulder,1,4,0
170,Cristian BRENNA,ITA,Male,Lead,1,3,3
171,Lukasz SWIRK,POL,Male,Speed,1,3,1
172,Luka POTOCAR,SLO,Male,Lead,1,3,0
173,Jean-baptiste TRIBOUT,FRA,Male,Lead,1,2,5
174,Alexandre CHAOULSKY,RUS,Male,Speed,1,2,4
175,Cuilian HE,CHN,Female,Speed,1,2,4
176,Luisa IOVANE,ITA,Female,Lead,1,2,3
177,Serik KAZBEKOV,UKR,Male,Boulder,1,2,2
178,François AUCLAIR,FRA,Male,Lead,1,2,2
179,Satone YOSHIDA,JPN,Male,Lead,1,2,2
180,Tsukuru HORI,JPN,Male,Boulder,1,2,2
181,Katrin SEDLMAYER,GER,Female,Lead,1,2,1
182,Alexei GADEEV,RUS,Male,Speed,1,2,1
183,Daniel WOODS,USA,Male,Boulder,1,2,1
184,Katharina SAURWEIN,AUT,Female,Boulder,1,2,1
185,Klaudia BUCZEK,POL,Female,Speed,1,2,1
186,Jinbao LONG,CHN,Male,Speed,1,2,1
187,Xinshang WANG,CHN,Male,Speed,1,2,1
188,Olena OSTAPENKO,UKR,Female,Speed,1,2,0
189,Keiichiro KORENAGA,JPN,Male,Lead,1,2,0
190,Zélia AVEZOU,FRA,Female,Boulder,1,2,0
191,Antasyafi ROBBY AL HILMI,INA,Male,Speed,1,2,0
192,Brooke RABOUTOU,USA,Female,Boulder,1,1,6
193,Ja In KIM,KOR,Female,Boulder,1,1,4
194,Hélène JANICOT,FRA,Female,Lead,1,1,4
195,Hyunbin MIN,KOR,Male,Lead,1,1,3
196,Yaroslav GONTARYK,UKR,Male,Speed,1,1,3
197,Chloé MINORET,FRA,Female,Lead,1,1,2
198,Alexandra EYER,SUI,Female,Lead,1,1,2
199,Xiaojie CHEN,CHN,Male,Speed,1,1,2
200,Mayya PIRATINSKAYA,RUS,Female,Speed,1,1,1
201,Andreas BINDHAMMER,GER,Male,Lead,1,1,1
202,Nataliya PERLOVA,UKR,Female,Boulder,1,1,1
203,Mauro CALIBANI,ITA,Male,Boulder,1,1,1
204,Emilie POUGET,FRA,Female,Lead,1,1,1
205,Evgueni MINATCHEV,RUS,Male,Speed,1,1,1
206,Chunhua LI,CHN,Female,Speed,1,1,1
207,Evi NELIWATI,INA,Female,Speed,1,1,1
208,Sohta AMAGASA,JPN,Male,Boulder,1,1,1
209,Masahiro HIGUCHI,JPN,Male,Lead,1,1,1
210,Naïlé MEIGNAN,FRA,Female,Boulder,1,1,1
211,Dohyun LEE,KOR,Male,Lead,1,1,1
212,Eliska ADAMOVSKA,CZE,Female,Lead,1,1,0
213,Salavat RAKHMETOV,RUS,Male,Lead,1,1,0
214,Yevgen KRYVOSHEYTSEV,UKR,Male,Speed,1,1,0
215,Olga BIBIK,RUS,Female,Speed,1,1,0
216,Chris SHARMA,USA,Male,Lead,1,1,0
217,Lisa RANDS,USA,Female,Boulder,1,1,0
218,Timo PREUSSLER,GER,Male,Lead,1,1,0
219,Colin DUFFY,USA,Male,Boulder,1,1,0
220,Manuel CORNU,FRA,Male,Boulder,1,1,0
221,Sean BAILEY,USA,Male,Boulder,1,1,0
222,Ao YURIKUSA,JPN,Male,Lead,1,1,0
223,Rajiah SALLSABILLAH,INA,Female,Speed,1,1,0
224,Cuifang HE,CHN,Female,Speed,1,1,0
225,Arsenii SHEVCHENKO,RUS,Male,Speed,1,1,0
226,Hiroto SHIMIZU,JPN,Male,Lead,1,1,0
227,Yafei ZHOU,CHN,Female,Speed,1,1,0
228,Yicheng ZHAO,CHN,Male,Speed,1,1,0
229,Stéphanie BODET,FRA,Female,Lead,1,0,9
230,Elie CHEVIEUX,SUI,Male,Lead,1,0,3
231,Sebastian HALENKE,GER,Male,Lead,1,0,3
232,Oceania MACKENZIE,AUS,Female,Boulder,1,0,3
233,Vita LUKAN,SLO,Female,Lead,1,0,2
234,Christoph FINKEL,GER,Male,Lead,1,0,2
235,Tomás MRÁZEK,CZE,Male,Boulder,1,0,2
236,Keita WATABE,JPN,Male,Boulder,1,0,2
237,Gregor VEZONIK,SLO,Male,Boulder,1,0,2
238,Eduard MARIN GARCIA,ESP,Male,Lead,1,0,2
239,Jonas BAUMANN,GER,Male,Boulder,1,0,2
240,Charlotte DURIF,FRA,Female,Lead,1,0,2
241,Stéphan JULIEN,FRA,Male,Boulder,1,0,2
242,Leonardo GONTERO,ITA,Male,Speed,1,0,2
243,Putra TRI RAMADANI,INA,Male,Lead,1,0,2
244,Carlos BRASCOE,ESP,Male,Lead,1,0,1
245,Renata PISZCZEK,POL,Female,Speed,1,0,1
246,Bernardino LAGNI,ITA,Male,Lead,1,0,1
247,Ludovic LAURENCE,FRA,Male,Boulder,1,0,1
248,Marietta UHDEN,GER,Female,Boulder,1,0,1
249,Liv SANSOZ,FRA,Female,Boulder,1,0,1
250,Klemen BECAN,SLO,Male,Lead,1,0,1
251,Malcolm SMITH,GBR,Male,Boulder,1,0,1
252,Andrew EARL,GBR,Male,Boulder,1,0,1
253,Mykhaylo SHALAGIN,UKR,Male,Boulder,1,0,1
254,Aspar ASPAR,INA,Male,Speed,1,0,1
255,Mei KOTAKE,JPN,Female,Lead,1,0,1
256,Lucelia BLANCO,VEN,Female,Speed,1,0,1
257,Esther BRUCKNER,FRA,Female,Speed,1,0,1
258,Alban LEVIER,FRA,Male,Boulder,1,0,1
259,Rahmad ADI MULYONO,INA,Male,Speed,1,0,1
260,Marcello BOMBARDI,ITA,Male,Lead,1,0,0
261,Guido KÖSTERMEYER,GER,Male,Lead,1,0,0
262,Yulia INOZEMTSEVA,RUS,Female,Speed,1,0,0
263,Ludovic LAURENCE,FRA,Male,Lead,1,0,0
264,Katie BROWN,USA,Female,Lead,1,0,0
265,Josune BERECIARTU URRUZOLA,ESP,Female,Boulder,1,0,0
266,Mark CROXALL,GBR,Male,Boulder,1,0,0
267,Alex KHAZANOV,ISR,Male,Boulder,1,0,0
268,Yannick FLOHÉ,GER,Male,Boulder,1,0,0
269,Petra KLINGLER,SUI,Female,Boulder,1,0,0
270,Mao NAKAMURA,JPN,Female,Boulder,1,0,0
271,Zento MURASHITA,JPN,Male,Lead,1,0,0
272,Ekaterina BARASHCHUK,RUS,Female,Speed,1,0,0
273,Lai-sho CHENG,HKG,Female,Speed,1,0,0
274,Anatoly SKRIPOV,RUS,Male,Speed,1,0,0
275,Leonel DE LAS SALAS,VEN,Male,Speed,1,0,0
276,Alexandra BALAKIREVA,RUS,Female,Boulder,1,0,0
277,Rosmery DA SILVA,VEN,Female,Speed,1,0,0
278,Yufei PAN,CHN,Male,Boulder,1,0,0
279,Hidemasa NISHIDA,JPN,Male,Lead,1,0,0
280,Shixue MENG,CHN,Female,Speed,1,0,0
281,Agung ethi HENDRAWATI,INA,Female,Speed,0,5,1
282,Akiyo NOGUCHI,JPN,Female,Lead,0,4,6
283,Melissa LE NEVE,FRA,Female,Boulder,0,4,6
284,Meichi NARASAKI,JPN,Male,Boulder,0,4,1
285,Gérome POUVREAU,FRA,Male,Lead,0,3,5
286,Brooke RABOUTOU,USA,Female,Lead,0,3,4
287,Fanny GIBERT,FRA,Female,Boulder,0,3,3
288,Jimin JEONG,KOR,Female,Speed,0,3,3
289,Severino SCASSA,ITA,Male,Lead,0,3,1
290,Csaba KOMONDI,HUN,Male,Speed,0,3,1
291,Christian BINDHAMMER,GER,Male,Lead,0,3,0
292,Hannah MEUL,GER,Female,Boulder,0,3,0
293,Anna TSYGANOVA,RUS,Female,Speed,0,2,6
294,Jorg VERHOEVEN,NED,Male,Boulder,0,2,5
295,Natalia GROSSMAN,USA,Female,Lead,0,2,4
296,Ryo OMASA,JPN,Male,Speed,0,2,4
297,Luca ZARDINI,ITA,Male,Lead,0,2,3
298,Manuel ROMAIN,FRA,Male,Lead,0,2,3
299,Chris SHARMA,USA,Male,Boulder,0,2,2
300,Emilie ABGRALL,FRA,Female,Boulder,0,2,2
301,Tomoa NARASAKI,JPN,Male,Lead,0,2,2
302,Dmitrii FAKIRIANOV,RUS,Male,Lead,0,2,2
303,Erik NOYA CARDONA,ESP,Male,Speed,0,2,2
304,Elizaveta IVANOVA,RUS,Female,Speed,0,2,2
305,Sam AVEZOU,FRA,Male,Lead,0,2,1
306,Svetlana SUTKINA,RUS,Female,Speed,0,2,1
307,Bettina SCHÖPF,AUT,Female,Lead,0,2,1
308,Vladislav BARANOV,RUS,Male,Speed,0,2,1
309,Corinne LABRUNE,FRA,Female,Lead,0,2,0
310,Jim KARN,USA,Male,Lead,0,2,0
311,Ben MOON,GBR,Male,Lead,0,2,0
312,Yevgen KRYVOSHEYTSEV,UKR,Male,Lead,0,2,0
313,Natalia NOVIKOVA,RUS,Female,Speed,0,2,0
314,Corinne THEROUX,FRA,Female,Boulder,0,2,0
315,Cecile AVEZOU,FRA,Female,Boulder,0,2,0
316,Matthias MÜLLER,SUI,Male,Boulder,0,2,0
317,Giulia GIAMMARCO,ITA,Female,Boulder,0,2,0
318,Michaël FUSELIER,FRA,Male,Lead,0,2,0
319,Olga EVSTIGNEEVA,RUS,Female,Speed,0,2,0
320,Nathaniel COLEMAN,USA,Male,Boulder,0,2,0
321,Maximillian MILNE,GBR,Male,Boulder,0,2,0
322,Noah BRATSCHI,USA,Male,Speed,0,2,0
323,Rishat KHAIBULLIN,KAZ,Male,Speed,0,2,0
324,Aleksandr SHILOV,RUS,Male,Speed,0,2,0
325,Victoire ANDRIER,FRA,Female,Speed,0,2,0
326,Cédric LACHAT,SUI,Male,Boulder,0,2,0
327,Katja VIDMAR,SLO,Female,Boulder,0,2,0
328,Klemen BECAN,SLO,Male,Boulder,0,2,0
329,Irati ANDA VILLANUEVA,ESP,Female,Lead,0,2,0
330,Martin STRANIK,CZE,Male,Boulder,0,2,0
331,Erianto ROZAK,INA,Male,Speed,0,2,0
332,Sara MORANDI,ITA,Female,Speed,0,2,0
333,Momoka ODA,JPN,Female,Boulder,0,2,0
334,Polina KHALKEVYCH,UKR,Female,Speed,0,2,0
335,Alexander KOSTERIN,RUS,Male,Speed,0,1,4
336,Elena OVTCHINNIKOVA,USA,Female,Lead,0,1,3
337,Sylvain MILLET,FRA,Male,Lead,0,1,3
338,Maksym PETRENKO,UKR,Male,Lead,0,1,3
339,Hannes VAN DUYSEN,BEL,Male,Boulder,0,1,3
340,Yuka KOBAYASHI,JPN,Female,Lead,0,1,3
341,Serik KAZBEKOV,UKR,Male,Lead,0,1,2
342,Elena CHOUMILOVA,RUS,Female,Lead,0,1,2
343,Olga OCHTCHEPKOVA,RUS,Female,Speed,0,1,2
344,Akito MATSUSHIMA,JPN,Male,Boulder,0,1,2
345,Maksym OSIPOV,UKR,Male,Speed,0,1,2
346,Katharina POSCH,AUT,Female,Lead,0,1,2
347,Shion OMATA,JPN,Male,Lead,0,1,2
348,Jindrich HUDECEK,CZE,Male,Lead,0,1,1
349,Fabien MAZUER,FRA,Male,Lead,0,1,1
350,Gaelle GOURIOU,FRA,Female,Boulder,0,1,1
351,Loïc GAIDIOZ,FRA,Male,Boulder,0,1,1
352,Olga IAKOVLEVA,RUS,Female,Boulder,0,1,1
353,Olga SHALAGINA,UKR,Female,Lead,0,1,1
354,Anze PEHARC,SLO,Male,Boulder,0,1,1
355,Camilla MORONI,ITA,Female,Boulder,0,1,1
356,Kostiantyn PAVLENKO,UKR,Male,Speed,0,1,1
357,Aleksandra TOTKOVA,BUL,Female,Lead,0,1,1
358,Elena TIMOFEEVA,RUS,Female,Speed,0,1,1
359,Katharina SAURWEIN,AUT,Female,Lead,0,1,1
360,Yana MALKOVA,RUS,Female,Speed,0,1,1
361,Thomas TAUPORN,GER,Male,Boulder,0,1,1
362,Pandu asmoro GALAR,INA,Male,Speed,0,1,1
363,Alla MARENYCH,UKR,Female,Speed,0,1,1
364,Di NIU,CHN,Female,Speed,0,1,1
365,Yufei PAN,CHN,Male,Lead,0,1,1
366,Rei KAWAMATA,JPN,Male,Boulder,0,1,1
367,Zach HAMMER,USA,Male,Speed,0,1,1
368,Melody SEKIKAWA,JPN,Female,Boulder,0,1,1
369,Stefan GLOWACZ,GER,Male,Lead,0,1,0
370,Natalie RICHER,FRA,Female,Lead,0,1,0
371,Pavel SAMOILINE,RUS,Male,Lead,0,1,0
372,Salavat RAKHMETOV,RUS,Male,Speed,0,1,0
373,Christian SCHLESENER,GER,Male,Speed,0,1,0
374,Elena OVTCHINNIKOVA,USA,Female,Speed,0,1,0
375,François PETIT,FRA,Male,Boulder,0,1,0
376,Damien JEANDENAND,FRA,Male,Boulder,0,1,0
377,Frédéric TUSCAN,FRA,Male,Boulder,0,1,0
378,Tanja BAUER,GER,Female,Boulder,0,1,0
379,Daniel ANDRADA JIMENEZ,ESP,Male,Speed,0,1,0
380,Sangwon SON,KOR,Male,Boulder,0,1,0
381,Lauren LEE,USA,Female,Boulder,0,1,0
382,Michael PICCOLRUAZ,ITA,Male,Boulder,0,1,0
383,Kai HARADA,JPN,Male,Boulder,0,1,0
384,Amir MAIMURATOV,KAZ,Male,Speed,0,1,0
385,Tobias PLANGGER,AUT,Male,Speed,0,1,0
386,Kai HARADA,JPN,Male,Lead,0,1,0
387,Anne-sophie KOLLER,SUI,Female,Lead,0,1,0
388,Lev RUDATSKIY,RUS,Male,Speed,0,1,0
389,Giulia RANDI,ITA,Female,Speed,0,1,0
390,Ashima SHIRAISHI,USA,Female,Lead,0,1,0
391,Hetai MA,CHN,Male,Speed,0,1,0
392,Remi SAMYN,FRA,Male,Boulder,0,1,0
393,Daniel WINKLER,SUI,Male,Lead,0,1,0
394,Mathilde BRUMAGNE,BEL,Female,Lead,0,1,0
395,Francis RODRIGUEZ,VEN,Female,Speed,0,1,0
396,Tatsuya MURAOKA,JPN,Male,Boulder,0,1,0
397,Charlotte DURIF,FRA,Female,Boulder,0,1,0
398,Ning ZHANG,CHN,Male,Speed,0,1,0
399,Monika RETSCHY,GER,Female,Boulder,0,1,0
400,Yuhang ZHANG,CHN,Male,Speed,0,1,0
401,Minoru NAKANO,JPN,Male,Lead,0,1,0
402,Sabri SABRI,INA,Male,Speed,0,1,0
403,Sari AGUSTINA,INA,Female,Speed,0,1,0
404,Liang ZHANG,CHN,Male,Speed,0,1,0
405,Yuetong ZHANG,CHN,Female,Lead,0,1,0
406,Chaehyun SEO,KOR,Female,Boulder,0,1,0
407,Agathe CALLIET,FRA,Female,Boulder,0,1,0
408,Zhilu LUO,CHN,Female,Lead,0,1,0
409,Nonoha KUME,JPN,Female,Lead,0,1,0
410,Jingjie HUANG,CHN,Male,Speed,0,1,0
411,Hryhorii ILCHYSHYN,UKR,Male,Speed,0,1,0
412,Jennifer Eucharia BUCKLEY,SLO,Female,Boulder,0,1,0
413,Max BERTONE,FRA,Male,Lead,0,1,0
414,Yongzhi LING,CHN,Male,Speed,0,1,0
415,Marietta UHDEN,GER,Female,Lead,0,0,3
416,Vladimir ZAKHAROV,UKR,Male,Speed,0,0,3
417,David CAUDE,FRA,Male,Lead,0,0,3
418,Stasa GEJO,SRB,Female,Boulder,0,0,3
419,Natalia TITOVA,RUS,Female,Speed,0,0,3
420,Yana CHERESHNEVA,RUS,Female,Lead,0,0,3
421,Martin STRANIK,CZE,Male,Lead,0,0,2
422,Robert CORTIJO,FRA,Male,Lead,0,0,2
423,Stella MARCHISIO,ITA,Female,Boulder,0,0,2
424,Vera KOTASOVA-KOSTRUHOVA,CZE,Female,Boulder,0,0,2
425,Jenny LAVARDA,ITA,Female,Boulder,0,0,2
426,Yuyun YUNIAR,INA,Female,Speed,0,0,2
427,Patrycja CHUDZIAK,POL,Female,Speed,0,0,2
428,Natsuki TANII,JPN,Female,Lead,0,0,2
429,Maja STREMFELJ,SLO,Female,Lead,0,0,2
430,Magnus MIDTBOE,NOR,Male,Lead,0,0,2
431,Anon MATSUFUJI,JPN,Female,Boulder,0,0,2
432,Zhilu LUO,CHN,Female,Boulder,0,0,2
433,Samuel RICHARD,FRA,Male,Boulder,0,0,2
434,Filip SCHENK,ITA,Male,Lead,0,0,1
435,Yannick FLOHÉ,GER,Male,Lead,0,0,1
436,Fanny GIBERT,FRA,Female,Lead,0,0,1
437,Julia CHANOURDIE,FRA,Female,Lead,0,0,1
438,Mattea PÖTZI,AUT,Female,Lead,0,0,1
439,Patxi AROCENA,ESP,Male,Lead,0,0,1
440,Jennifer COLE,USA,Female,Lead,0,0,1
441,Agnès BRARD,FRA,Female,Lead,0,0,1
442,Ron KAUK,USA,Male,Lead,0,0,1
443,Catherine DESTIVELLE,FRA,Female,Lead,0,0,1
444,Iwona GRONKIEWICZ-MARCISZ,POL,Female,Lead,0,0,1
445,Nicola SARTORI,ITA,Male,Lead,0,0,1
446,Ian VICKERS,GBR,Male,Lead,0,0,1
447,Angela STRIECKS,GER,Female,Lead,0,0,1
448,Aljosa GROM,SLO,Male,Lead,0,0,1
449,Olga BIBIK,RUS,Female,Lead,0,0,1
450,Marie GUILLET,FRA,Female,Lead,0,0,1
451,Stephan HILGERS,GER,Male,Speed,0,0,1
452,Marina KLEONOVA,RUS,Female,Speed,0,0,1
453,Susan WINKLER,GER,Female,Speed,0,0,1
454,Ben MOON,GBR,Male,Speed,0,0,1
455,Venera CHERESHNEVA,RUS,Female,Speed,0,0,1
456,Nataliya PERLOVA,UKR,Female,Speed,0,0,1
457,Simon WANDELER,SUI,Male,Lead,0,0,1
458,Paul DEWILDE,FRA,Male,Lead,0,0,1
459,Annatina SCHULTZ,SUI,Female,Lead,0,0,1
460,Alexei KOZLOV,RUS,Male,Speed,0,0,1
461,Barbara BACHER,AUT,Female,Lead,0,0,1
462,Alexandre CHABOT,FRA,Male,Boulder,0,0,1
463,Isabelle BIHR,FRA,Female,Boulder,0,0,1
464,Claire BELL,GBR,Female,Boulder,0,0,1
465,Timmy FAIRFIELD,CAN,Male,Boulder,0,0,1
466,Julien MERAL,FRA,Male,Boulder,0,0,1
467,Iwona GRONKIEWICZ-MARCISZ,POL,Female,Boulder,0,0,1
468,Delphine MARTIN,FRA,Female,Boulder,0,0,1
469,Evgeny OVCHINNIKOV,RUS,Male,Boulder,0,0,1
470,Keita MOGAKI,JPN,Male,Lead,0,0,1
471,Jenny LAVARDA,ITA,Female,Lead,0,0,1
472,Annatina SCHULTZ,SUI,Female,Boulder,0,0,1
473,Hiroshi OKANO,JPN,Male,Boulder,0,0,1
474,Gareth PARRY,GBR,Male,Boulder,0,0,1
475,Alexandra EYER,SUI,Female,Boulder,0,0,1
476,Angelica LIND,SWE,Female,Boulder,0,0,1
477,Lucka FRANKO,SLO,Female,Lead,0,0,1
478,Fanny ROGEAUX,FRA,Female,Boulder,0,0,1
479,Marat SADYROV,RUS,Male,Speed,0,0,1
480,Oleksandr SALIMOV,UKR,Male,Speed,0,0,1
481,Denis OMELTCHENKO,RUS,Male,Speed,0,0,1
482,Tomoaki TAKATA,JPN,Male,Boulder,0,0,1
483,Paul JENFT,FRA,Male,Boulder,0,0,1
484,Jessica PILZ,AUT,Female,Boulder,0,0,1
485,Ekaterina KIPRIIANOVA,RUS,Female,Boulder,0,0,1
486,Andrea KÜMIN,SUI,Female,Boulder,0,0,1
487,Mia KRAMPL,SLO,Female,Boulder,0,0,1
488,Jan KRIZ,CZE,Male,Speed,0,0,1
489,Miho NONAKA,JPN,Female,Speed,0,0,1
490,Capucine VIGLIONE,FRA,Female,Speed,0,0,1
491,Fedir SAMOILOV,UKR,Male,Lead,0,0,1
492,Shuta TANAKA,JPN,Male,Lead,0,0,1
493,Manon HILY,FRA,Female,Lead,0,0,1
494,Hannah SCHUBERT,AUT,Female,Lead,0,0,1
495,Mia KRAMPL,SLO,Female,Lead,0,0,1
496,Lucka RAKOVEC,SLO,Female,Lead,0,0,1
497,Dinara FAKHRITDINOVA,RUS,Female,Lead,0,0,1
498,Leander CARMANNS,GER,Male,Speed,0,0,1
499,Nurul IQAMAH,INA,Female,Speed,0,0,1
500,Molly THOMPSON-SMITH,GBR,Female,Lead,0,0,1
501,Keita MOGAKI,JPN,Male,Boulder,0,0,1
502,Emily HARRINGTON,USA,Female,Lead,0,0,1
503,Alizée DUFRAISSE,FRA,Female,Lead,0,0,1
504,Anja HODANN,SWE,Female,Boulder,0,0,1
505,Guangpu LI,CHN,Male,Speed,0,0,1
506,Stanislav KLESHNOV,UKR,Male,Boulder,0,0,1
507,Tatiana SHEMULINKINA,RUS,Female,Boulder,0,0,1
508,Anna GALLYAMOVA,RUS,Female,Boulder,0,0,1
509,Valeriy VOROBYEV,RUS,Male,Speed,0,0,1
510,Nalle HUKKATAIVAL,FIN,Male,Boulder,0,0,1
511,Lukas ENNEMOSER,AUT,Male,Boulder,0,0,1
512,Angela EITER,AUT,Female,Boulder,0,0,1
513,Silvie RAJFOVA,CZE,Female,Boulder,0,0,1
514,Galar pandu ASMORO,INA,Male,Speed,0,0,1
515,Kseniya POLEKHINA,RUS,Female,Speed,0,0,1
516,Thomas TAUPORN,GER,Male,Lead,0,0,1
517,Galina TERENTEVA,RUS,Female,Speed,0,0,1
518,Paul ROBINSON,USA,Male,Boulder,0,0,1
519,Victor KOZLOV,RUS,Male,Boulder,0,0,1
520,Xuhua PAN,CHN,Female,Speed,0,0,1
521,Francois KAISER,FRA,Male,Boulder,0,0,1
522,Max RUDIGIER,AUT,Male,Lead,0,0,1
523,Jeremy BONDER,FRA,Male,Boulder,0,0,1
524,Thomas JOANNES,FRA,Male,Lead,0,0,1
525,Puji LESTARI,INA,Female,Speed,0,0,1
526,Hanwool KIM,KOR,Male,Lead,0,0,1
527,Alessandro SANTONI,ITA,Male,Speed,0,0,1
528,Yuki HADA,JPN,Male,Lead,0,0,1
529,Sufriyanto RINDI,INA,Male,Speed,0,0,1
530,Taisei ISHIMATSU,JPN,Male,Boulder,0,0,1
531,Elma FLEURET,FRA,Female,Speed,0,0,1
532,Flavy COHAUT,FRA,Female,Boulder,0,0,1
533,Sergey RUKIN,RUS,Male,Speed,0,0,1
534,Sam AVEZOU,FRA,Male,Boulder,0,0,1
535,Yuetong ZHANG,CHN,Female,Boulder,0,0,1
536,Ai MORI,JPN,Female,Boulder,0,0,1
537,Long CAO,CHN,Male,Speed,0,0,1
538,Shengyan WANG,CHN,Female,Speed,0,0,1
539,Kevin AMON,AUT,Male,Speed,0,0,1
540,Zélia AVEZOU,FRA,Female,Lead,0,0,1
541,Jie YANG,CHN,Male,Speed,0,0,1
542,Adi Asih KADEK,INA,Female,Speed,0,0,1
