,Athlete,WC Series Wins,WC Series Top 5,WChampGold,WChampSilver,WChampBronze,WChampTotal,WCup 1st,WCup 2nd,WCup 3rd,WCup Total,WCup competed,WCup Win %,WCup Podium %
1,Evgenii VAITSEKHOVSKII (RUS),3,8,1,0,0,1,14,13,6,33,72,19,45
2,Stanislav KOKORIN (RUS),3,5,0,2,2,4,10,5,4,19,68,14,27
3,Sergei SINITCYN (RUS),3,11,0,0,2,2,9,13,7,29,68,13,42
4,Veddriq LEONARDO (INA),3,3,0,0,0,0,7,0,2,9,27,25,33
5,Andrey VEDENMEER (UKR),2,2,1,0,0,1,2,0,0,2,9,22,22
6,Tomasz OLEKSY (POL),2,5,0,1,1,2,5,2,1,8,36,13,22
7,Bassa MAWEM (FRA),2,5,0,1,0,1,3,3,5,11,45,6,24
8,Qixin ZHONG (CHN),1,6,4,0,0,4,13,2,8,23,50,26,46
9,Danyil BOLDYREV (UKR),1,5,2,0,1,3,5,7,6,18,48,10,37
10,Maksym STYENKOVYY (UKR),1,4,2,1,0,3,4,0,6,10,32,12,31
11,Marcin DZIENSKI (POL),1,5,1,0,0,1,4,3,3,10,69,5,14
12,Vladimir NETSVETAEV-DOLGALEV (RUS),1,4,1,1,1,3,2,2,2,6,12,16,50
13,Samuel WATSON (USA),1,4,0,0,0,0,6,1,2,9,28,21,32
14,Alexander PESHEKHONOV (RUS),1,6,0,0,1,1,5,9,3,17,38,13,44
15,Vladislav DEULIN (RUS),1,2,0,0,0,0,3,3,4,10,30,10,33
16,Kiromal KATIBIN (INA),1,3,0,0,0,0,2,4,7,13,22,9,59
17,Lukasz SWIRK (POL),1,2,0,0,0,0,1,3,1,5,40,2,12
18,Reza ALIPOUR SHENAZANDIFARD (IRI),0,3,1,1,1,3,6,2,6,14,47,12,29
19,Jianguo LONG (CHN),0,2,1,0,0,1,3,1,1,5,25,12,20
20,Ludovico FOSSALI (ITA),0,2,1,0,0,1,2,1,3,6,59,3,10
21,Vladimir ZAKHAROV (UKR),0,3,1,1,0,2,0,0,3,3,12,0,25
22,Matteo ZURLONI (ITA),0,1,1,0,0,1,0,0,0,0,0,0,0
23,Daniel ANDRADA JIMENEZ (ESP),0,0,1,0,0,1,0,1,0,1,2,0,50
24,Hans FLORINE (USA),0,0,1,0,0,1,0,0,0,0,0,0,0
25,Libor HROZA (CZE),0,6,0,1,0,1,5,12,7,24,68,7,35
26,Dmitrii TIMOFEEV (RUS),0,3,0,0,1,1,4,3,1,8,35,11,22
27,Sergey ABDRAKHMANOV (RUS),0,2,0,1,0,1,3,0,3,6,23,13,26
28,Aleksandr SHIKOV (RUS),0,1,0,0,1,1,3,1,0,4,32,9,12
29,Iakov SOUBBOTINE (RUS),0,4,0,0,0,0,2,1,1,4,25,8,16
30,Manuel ESCOBAR (VEN),0,3,0,1,0,1,2,1,2,5,22,9,22
31,Peng WU (CHN),0,1,0,0,0,0,2,2,0,4,12,16,33
32,Shouhong CHU (CHN),0,1,0,0,0,0,2,0,1,3,13,15,23
33,Alfian MUHAMMAD FAJRI (INA),0,1,0,0,0,0,2,0,0,2,29,6,6
34,Raharjati NURSAMSA (INA),0,0,0,0,0,0,2,0,2,4,16,12,25
35,Alexei GADEEV (RUS),0,3,0,0,1,1,1,2,1,4,14,7,28
36,Alexandre CHAOULSKY (RUS),0,3,0,0,0,0,1,2,4,7,16,6,43
37,Yevgen KRYVOSHEYTSEV (UKR),0,2,0,1,1,2,1,1,0,2,10,10,20
38,Yaroslav GONTARYK (UKR),0,2,0,0,0,0,1,1,3,5,18,5,27
39,Jinbao LONG (CHN),0,1,0,1,0,1,1,2,1,4,17,5,23
40,Xinshang WANG (CHN),0,1,0,0,0,0,1,2,1,4,12,8,33
41,Arsenii SHEVCHENKO (RUS),0,1,0,0,0,0,1,1,0,2,30,3,6
42,Rahmad ADI MULYONO (INA),0,1,0,0,1,1,1,0,1,2,11,9,18
43,Anatoly SKRIPOV (RUS),0,1,0,0,0,0,1,0,0,1,10,10,10
44,Aspar JAELOLO (INA),0,0,0,0,0,0,1,4,1,6,19,5,31
45,Antasyafi ROBBY AL HILMI (INA),0,0,0,0,0,0,1,2,0,3,10,10,30
46,Xiaojie CHEN (CHN),0,0,0,0,0,0,1,1,2,4,8,12,50
47,Evgueni MINATCHEV (RUS),0,0,0,0,0,0,1,1,1,3,8,12,37
48,Yicheng ZHAO (CHN),0,0,0,0,0,0,1,1,0,2,5,20,40
49,Leonardo GONTERO (ITA),0,0,0,0,0,0,1,0,2,3,47,2,6
50,Aspar ASPAR (INA),0,0,0,0,0,0,1,0,1,2,13,7,15
51,Leonel DE LAS SALAS (VEN),0,0,0,0,0,0,1,0,0,1,18,5,5
52,Erik NOYA CARDONA (ESP),0,2,0,1,0,1,0,2,2,4,32,0,12
53,Vladislav BARANOV (RUS),0,2,0,0,0,0,0,2,1,3,14,0,21
54,Ryo OMASA (JPN),0,1,0,0,0,0,0,2,4,6,27,0,22
55,Aleksandr SHILOV (RUS),0,1,0,0,0,0,0,2,0,2,31,0,6
56,Alexander KOSTERIN (RUS),0,1,0,0,0,0,0,1,4,5,21,0,23
57,Salavat RAKHMETOV (RUS),0,1,0,0,0,0,0,1,0,1,2,0,50
58,Christian SCHLESENER (GER),0,1,0,0,0,0,0,1,0,1,2,0,50
59,Kairat RAKHMETOV (KAZ),0,1,0,0,1,1,0,0,0,0,0,0,0
60,Ben MOON (GBR),0,1,0,0,0,0,0,0,1,1,2,0,50
61,Alexei KOZLOV (RUS),0,1,0,0,0,0,0,0,1,1,4,0,25
62,John BROSLER (USA),0,1,0,0,0,0,0,0,0,0,0,0,0
63,Jan KRIZ (CZE),0,0,0,1,0,1,0,0,1,1,32,0,3
64,Leander CARMANNS (GER),0,0,0,1,0,1,0,0,1,1,22,0,4
65,Jacky GODOFFE (FRA),0,0,0,1,0,1,0,0,0,0,0,0,0
66,Serik KAZBEKOV (UKR),0,0,0,1,0,1,0,0,0,0,0,0,0
67,Milan BENIAN (CZE),0,0,0,1,0,1,0,0,0,0,0,0,0
68,Csaba KOMONDI (HUN),0,0,0,0,0,0,0,3,1,4,41,0,9
69,Noah BRATSCHI (USA),0,0,0,0,1,1,0,2,0,2,33,0,6
70,Rishat KHAIBULLIN (KAZ),0,0,0,0,0,0,0,2,0,2,24,0,8
71,Erianto ROZAK (INA),0,0,0,0,0,0,0,2,0,2,2,0,100
72,Zach HAMMER (USA),0,0,0,0,1,1,0,1,1,2,27,0,7
73,Ning ZHANG (CHN),0,0,0,0,1,1,0,1,0,1,13,0,7
74,Maksym OSIPOV (UKR),0,0,0,0,0,0,0,1,2,3,20,0,15
75,Kostiantyn PAVLENKO (UKR),0,0,0,0,0,0,0,1,1,2,37,0,5
76,Pandu asmoro GALAR (INA),0,0,0,0,0,0,0,1,1,2,4,0,50
77,Amir MAIMURATOV (KAZ),0,0,0,0,0,0,0,1,0,1,38,0,2
78,Tobias PLANGGER (AUT),0,0,0,0,0,0,0,1,0,1,17,0,5
79,Lev RUDATSKIY (RUS),0,0,0,0,0,0,0,1,0,1,9,0,11
80,Hetai MA (CHN),0,0,0,0,0,0,0,1,0,1,5,0,20
81,Yuhang ZHANG (CHN),0,0,0,0,0,0,0,1,0,1,8,0,12
82,Sabri SABRI (INA),0,0,0,0,0,0,0,1,0,1,9,0,11
83,Liang ZHANG (CHN),0,0,0,0,0,0,0,1,0,1,16,0,6
84,Jingjie HUANG (CHN),0,0,0,0,0,0,0,1,0,1,8,0,12
85,Hryhorii ILCHYSHYN (UKR),0,0,0,0,0,0,0,1,0,1,14,0,7
86,Yongzhi LING (CHN),0,0,0,0,0,0,0,1,0,1,8,0,12
87,Dmitrii BYCHKOV (RUS),0,0,0,0,1,1,0,0,0,0,0,0,0
88,Stephan HILGERS (GER),0,0,0,0,0,0,0,0,1,1,2,0,50
89,Marat SADYROV (RUS),0,0,0,0,0,0,0,0,1,1,13,0,7
90,Oleksandr SALIMOV (UKR),0,0,0,0,0,0,0,0,1,1,10,0,10
91,Denis OMELTCHENKO (RUS),0,0,0,0,0,0,0,0,1,1,3,0,33
92,Guangpu LI (CHN),0,0,0,0,0,0,0,0,1,1,7,0,14
93,Valeriy VOROBYEV (RUS),0,0,0,0,0,0,0,0,1,1,10,0,10
94,Galar pandu ASMORO (INA),0,0,0,0,0,0,0,0,1,1,1,0,100
95,Alessandro SANTONI (ITA),0,0,0,0,0,0,0,0,1,1,24,0,4
96,Sufriyanto RINDI (INA),0,0,0,0,0,0,0,0,1,1,6,0,16
97,Sergey RUKIN (RUS),0,0,0,0,0,0,0,0,1,1,7,0,14
98,Long CAO (CHN),0,0,0,0,0,0,0,0,1,1,15,0,6
99,Kevin AMON (AUT),0,0,0,0,0,0,0,0,1,1,21,0,4
100,Jie YANG (CHN),0,0,0,0,0,0,0,0,1,1,12,0,8
