,Year,Country,NumAthletes
0,1989,Andorra,0
1,1989,Argentina,0
2,1989,Australia,1
3,1989,Austria,1
4,1989,Azerbaijan,0
5,1989,Belarus,0
6,1989,Belgium,3
7,1989,Bolivia (Plurinational State of),0
8,1989,Bosnia and Herzegovina,0
9,1989,Botswana,0
10,1989,Brazil,0
11,1989,Brunei Darussalam,0
12,1989,Bulgaria,3
13,1989,Cambodia,0
14,1989,Canada,0
15,1989,Chile,0
16,1989,China,0
17,1989,"China, Hong Kong Special Administrative Region",0
18,1989,"China, Macao Special Administrative Region",0
19,1989,Colombia,0
20,1989,Costa Rica,0
21,1989,Croatia,0
22,1989,Cyprus,0
23,1989,Czechia,2
24,1989,Democratic Republic of the Congo,0
25,1989,Denmark,0
26,1989,Ecuador,0
27,1989,El Salvador,0
28,1989,Estonia,0
29,1989,Finland,0
30,1989,France,24
31,1989,Georgia,0
32,1989,Germany,3
33,1989,Greece,0
34,1989,Guam,0
35,1989,Guatemala,0
36,1989,Honduras,0
37,1989,Hungary,1
38,1989,Iceland,0
39,1989,India,0
40,1989,Indonesia,0
41,1989,Iran (Islamic Republic of),0
42,1989,Iraq,0
43,1989,Ireland,0
44,1989,Israel,0
45,1989,Italy,7
46,1989,Japan,3
47,1989,Jordan,0
48,1989,Kazakhstan,0
49,1989,Kuwait,0
50,1989,Latvia,0
51,1989,Lebanon,0
52,1989,Lithuania,0
53,1989,Luxembourg,1
54,1989,Malaysia,0
55,1989,Mauritius,0
56,1989,Mexico,0
57,1989,Mongolia,0
58,1989,Nepal,0
59,1989,Netherlands,1
60,1989,New Zealand,0
61,1989,Nigeria,0
62,1989,Norway,0
63,1989,Pakistan,0
64,1989,Peru,0
65,1989,Philippines,0
66,1989,Poland,3
67,1989,Portugal,0
68,1989,Puerto Rico,0
69,1989,Republic of Korea,0
70,1989,Romania,0
71,1989,Russia,10
72,1989,Saudi Arabia,0
73,1989,Serbia,0
74,1989,Singapore,0
75,1989,Slovakia,0
76,1989,Slovenia,1
77,1989,South Africa,0
78,1989,Spain,6
79,1989,Sweden,0
80,1989,Switzerland,2
81,1989,Taiwan,0
82,1989,Thailand,0
83,1989,The former Yugoslav Republic of Macedonia,0
84,1989,Turkey,0
85,1989,Uganda,0
86,1989,Ukraine,0
87,1989,United Kingdom,6
88,1989,United States of America,12
89,1989,Uzbekistan,0
90,1989,Venezuela (Bolivarian Republic of),0
91,1990,Andorra,0
92,1990,Argentina,0
93,1990,Australia,0
94,1990,Austria,0
95,1990,Azerbaijan,0
96,1990,Belarus,0
97,1990,Belgium,0
98,1990,Bolivia (Plurinational State of),0
99,1990,Bosnia and Herzegovina,0
100,1990,Botswana,0
101,1990,Brazil,0
102,1990,Brunei Darussalam,0
103,1990,Bulgaria,0
104,1990,Cambodia,0
105,1990,Canada,0
106,1990,Chile,0
107,1990,China,0
108,1990,"China, Hong Kong Special Administrative Region",0
109,1990,"China, Macao Special Administrative Region",0
110,1990,Colombia,0
111,1990,Costa Rica,0
112,1990,Croatia,0
113,1990,Cyprus,0
114,1990,Czechia,1
115,1990,Democratic Republic of the Congo,0
116,1990,Denmark,0
117,1990,Ecuador,0
118,1990,El Salvador,0
119,1990,Estonia,0
120,1990,Finland,0
121,1990,France,7
122,1990,Georgia,0
123,1990,Germany,0
124,1990,Greece,0
125,1990,Guam,0
126,1990,Guatemala,0
127,1990,Honduras,0
128,1990,Hungary,0
129,1990,Iceland,0
130,1990,India,0
131,1990,Indonesia,0
132,1990,Iran (Islamic Republic of),0
133,1990,Iraq,0
134,1990,Ireland,0
135,1990,Israel,0
136,1990,Italy,1
137,1990,Japan,1
138,1990,Jordan,0
139,1990,Kazakhstan,0
140,1990,Kuwait,0
141,1990,Latvia,0
142,1990,Lebanon,0
143,1990,Lithuania,0
144,1990,Luxembourg,0
145,1990,Malaysia,0
146,1990,Mauritius,0
147,1990,Mexico,0
148,1990,Mongolia,0
149,1990,Nepal,0
150,1990,Netherlands,0
151,1990,New Zealand,0
152,1990,Nigeria,0
153,1990,Norway,0
154,1990,Pakistan,0
155,1990,Peru,0
156,1990,Philippines,0
157,1990,Poland,0
158,1990,Portugal,0
159,1990,Puerto Rico,0
160,1990,Republic of Korea,0
161,1990,Romania,0
162,1990,Russia,0
163,1990,Saudi Arabia,0
164,1990,Serbia,0
165,1990,Singapore,0
166,1990,Slovakia,0
167,1990,Slovenia,0
168,1990,South Africa,0
169,1990,Spain,1
170,1990,Sweden,0
171,1990,Switzerland,1
172,1990,Taiwan,0
173,1990,Thailand,0
174,1990,The former Yugoslav Republic of Macedonia,0
175,1990,Turkey,0
176,1990,Uganda,0
177,1990,Ukraine,0
178,1990,United Kingdom,3
179,1990,United States of America,2
180,1990,Uzbekistan,0
181,1990,Venezuela (Bolivarian Republic of),0
182,1991,Andorra,0
183,1991,Argentina,0
184,1991,Australia,3
185,1991,Austria,14
186,1991,Azerbaijan,0
187,1991,Belarus,0
188,1991,Belgium,10
189,1991,Bolivia (Plurinational State of),0
190,1991,Bosnia and Herzegovina,0
191,1991,Botswana,0
192,1991,Brazil,0
193,1991,Brunei Darussalam,0
194,1991,Bulgaria,5
195,1991,Cambodia,0
196,1991,Canada,9
197,1991,Chile,0
198,1991,China,2
199,1991,"China, Hong Kong Special Administrative Region",3
200,1991,"China, Macao Special Administrative Region",0
201,1991,Colombia,0
202,1991,Costa Rica,0
203,1991,Croatia,0
204,1991,Cyprus,0
205,1991,Czechia,8
206,1991,Democratic Republic of the Congo,0
207,1991,Denmark,0
208,1991,Ecuador,0
209,1991,El Salvador,0
210,1991,Estonia,0
211,1991,Finland,0
212,1991,France,32
213,1991,Georgia,0
214,1991,Germany,21
215,1991,Greece,0
216,1991,Guam,0
217,1991,Guatemala,0
218,1991,Honduras,0
219,1991,Hungary,2
220,1991,Iceland,0
221,1991,India,4
222,1991,Indonesia,0
223,1991,Iran (Islamic Republic of),0
224,1991,Iraq,0
225,1991,Ireland,1
226,1991,Israel,0
227,1991,Italy,21
228,1991,Japan,24
229,1991,Jordan,0
230,1991,Kazakhstan,1
231,1991,Kuwait,0
232,1991,Latvia,0
233,1991,Lebanon,0
234,1991,Lithuania,0
235,1991,Luxembourg,1
236,1991,Malaysia,0
237,1991,Mauritius,0
238,1991,Mexico,2
239,1991,Mongolia,0
240,1991,Nepal,0
241,1991,Netherlands,5
242,1991,New Zealand,0
243,1991,Nigeria,0
244,1991,Norway,0
245,1991,Pakistan,0
246,1991,Peru,0
247,1991,Philippines,0
248,1991,Poland,7
249,1991,Portugal,1
250,1991,Puerto Rico,0
251,1991,Republic of Korea,10
252,1991,Romania,5
253,1991,Russia,22
254,1991,Saudi Arabia,0
255,1991,Serbia,0
256,1991,Singapore,0
257,1991,Slovakia,4
258,1991,Slovenia,9
259,1991,South Africa,0
260,1991,Spain,6
261,1991,Sweden,1
262,1991,Switzerland,10
263,1991,Taiwan,5
264,1991,Thailand,0
265,1991,The former Yugoslav Republic of Macedonia,0
266,1991,Turkey,0
267,1991,Uganda,0
268,1991,Ukraine,0
269,1991,United Kingdom,32
270,1991,United States of America,16
271,1991,Uzbekistan,0
272,1991,Venezuela (Bolivarian Republic of),0
273,1992,Andorra,0
274,1992,Argentina,0
275,1992,Australia,2
276,1992,Austria,13
277,1992,Azerbaijan,0
278,1992,Belarus,0
279,1992,Belgium,9
280,1992,Bolivia (Plurinational State of),0
281,1992,Bosnia and Herzegovina,0
282,1992,Botswana,0
283,1992,Brazil,0
284,1992,Brunei Darussalam,0
285,1992,Bulgaria,5
286,1992,Cambodia,0
287,1992,Canada,4
288,1992,Chile,0
289,1992,China,2
290,1992,"China, Hong Kong Special Administrative Region",5
291,1992,"China, Macao Special Administrative Region",0
292,1992,Colombia,0
293,1992,Costa Rica,0
294,1992,Croatia,7
295,1992,Cyprus,0
296,1992,Czechia,5
297,1992,Democratic Republic of the Congo,0
298,1992,Denmark,0
299,1992,Ecuador,0
300,1992,El Salvador,0
301,1992,Estonia,0
302,1992,Finland,0
303,1992,France,41
304,1992,Georgia,0
305,1992,Germany,19
306,1992,Greece,0
307,1992,Guam,0
308,1992,Guatemala,0
309,1992,Honduras,0
310,1992,Hungary,2
311,1992,Iceland,0
312,1992,India,0
313,1992,Indonesia,0
314,1992,Iran (Islamic Republic of),0
315,1992,Iraq,0
316,1992,Ireland,0
317,1992,Israel,0
318,1992,Italy,13
319,1992,Japan,23
320,1992,Jordan,0
321,1992,Kazakhstan,1
322,1992,Kuwait,0
323,1992,Latvia,0
324,1992,Lebanon,0
325,1992,Lithuania,0
326,1992,Luxembourg,4
327,1992,Malaysia,0
328,1992,Mauritius,0
329,1992,Mexico,0
330,1992,Mongolia,0
331,1992,Nepal,0
332,1992,Netherlands,3
333,1992,New Zealand,2
334,1992,Nigeria,0
335,1992,Norway,8
336,1992,Pakistan,0
337,1992,Peru,0
338,1992,Philippines,0
339,1992,Poland,2
340,1992,Portugal,0
341,1992,Puerto Rico,0
342,1992,Republic of Korea,7
343,1992,Romania,6
344,1992,Russia,17
345,1992,Saudi Arabia,0
346,1992,Serbia,0
347,1992,Singapore,0
348,1992,Slovakia,2
349,1992,Slovenia,9
350,1992,South Africa,3
351,1992,Spain,9
352,1992,Sweden,0
353,1992,Switzerland,10
354,1992,Taiwan,5
355,1992,Thailand,0
356,1992,The former Yugoslav Republic of Macedonia,0
357,1992,Turkey,0
358,1992,Uganda,0
359,1992,Ukraine,1
360,1992,United Kingdom,29
361,1992,United States of America,15
362,1992,Uzbekistan,0
363,1992,Venezuela (Bolivarian Republic of),0
364,1993,Andorra,0
365,1993,Argentina,0
366,1993,Australia,1
367,1993,Austria,7
368,1993,Azerbaijan,0
369,1993,Belarus,0
370,1993,Belgium,9
371,1993,Bolivia (Plurinational State of),0
372,1993,Bosnia and Herzegovina,0
373,1993,Botswana,0
374,1993,Brazil,0
375,1993,Brunei Darussalam,0
376,1993,Bulgaria,6
377,1993,Cambodia,0
378,1993,Canada,6
379,1993,Chile,0
380,1993,China,0
381,1993,"China, Hong Kong Special Administrative Region",0
382,1993,"China, Macao Special Administrative Region",0
383,1993,Colombia,0
384,1993,Costa Rica,0
385,1993,Croatia,0
386,1993,Cyprus,0
387,1993,Czechia,13
388,1993,Democratic Republic of the Congo,0
389,1993,Denmark,0
390,1993,Ecuador,0
391,1993,El Salvador,0
392,1993,Estonia,0
393,1993,Finland,0
394,1993,France,48
395,1993,Georgia,0
396,1993,Germany,29
397,1993,Greece,1
398,1993,Guam,0
399,1993,Guatemala,0
400,1993,Honduras,0
401,1993,Hungary,0
402,1993,Iceland,0
403,1993,India,0
404,1993,Indonesia,0
405,1993,Iran (Islamic Republic of),0
406,1993,Iraq,0
407,1993,Ireland,0
408,1993,Israel,0
409,1993,Italy,10
410,1993,Japan,7
411,1993,Jordan,0
412,1993,Kazakhstan,6
413,1993,Kuwait,0
414,1993,Latvia,0
415,1993,Lebanon,0
416,1993,Lithuania,0
417,1993,Luxembourg,2
418,1993,Malaysia,0
419,1993,Mauritius,0
420,1993,Mexico,0
421,1993,Mongolia,0
422,1993,Nepal,0
423,1993,Netherlands,3
424,1993,New Zealand,1
425,1993,Nigeria,0
426,1993,Norway,6
427,1993,Pakistan,0
428,1993,Peru,0
429,1993,Philippines,0
430,1993,Poland,7
431,1993,Portugal,0
432,1993,Puerto Rico,0
433,1993,Republic of Korea,3
434,1993,Romania,14
435,1993,Russia,18
436,1993,Saudi Arabia,0
437,1993,Serbia,0
438,1993,Singapore,0
439,1993,Slovakia,5
440,1993,Slovenia,9
441,1993,South Africa,3
442,1993,Spain,9
443,1993,Sweden,0
444,1993,Switzerland,13
445,1993,Taiwan,0
446,1993,Thailand,0
447,1993,The former Yugoslav Republic of Macedonia,0
448,1993,Turkey,0
449,1993,Uganda,0
450,1993,Ukraine,10
451,1993,United Kingdom,19
452,1993,United States of America,15
453,1993,Uzbekistan,0
454,1993,Venezuela (Bolivarian Republic of),0
455,1994,Andorra,0
456,1994,Argentina,0
457,1994,Australia,4
458,1994,Austria,8
459,1994,Azerbaijan,0
460,1994,Belarus,0
461,1994,Belgium,7
462,1994,Bolivia (Plurinational State of),0
463,1994,Bosnia and Herzegovina,0
464,1994,Botswana,0
465,1994,Brazil,0
466,1994,Brunei Darussalam,0
467,1994,Bulgaria,4
468,1994,Cambodia,0
469,1994,Canada,1
470,1994,Chile,0
471,1994,China,0
472,1994,"China, Hong Kong Special Administrative Region",0
473,1994,"China, Macao Special Administrative Region",0
474,1994,Colombia,0
475,1994,Costa Rica,0
476,1994,Croatia,3
477,1994,Cyprus,0
478,1994,Czechia,6
479,1994,Democratic Republic of the Congo,0
480,1994,Denmark,0
481,1994,Ecuador,0
482,1994,El Salvador,0
483,1994,Estonia,0
484,1994,Finland,0
485,1994,France,51
486,1994,Georgia,4
487,1994,Germany,12
488,1994,Greece,3
489,1994,Guam,0
490,1994,Guatemala,0
491,1994,Honduras,0
492,1994,Hungary,0
493,1994,Iceland,1
494,1994,India,0
495,1994,Indonesia,0
496,1994,Iran (Islamic Republic of),0
497,1994,Iraq,0
498,1994,Ireland,0
499,1994,Israel,0
500,1994,Italy,10
501,1994,Japan,3
502,1994,Jordan,0
503,1994,Kazakhstan,5
504,1994,Kuwait,0
505,1994,Latvia,2
506,1994,Lebanon,0
507,1994,Lithuania,0
508,1994,Luxembourg,0
509,1994,Malaysia,0
510,1994,Mauritius,0
511,1994,Mexico,0
512,1994,Mongolia,0
513,1994,Nepal,0
514,1994,Netherlands,0
515,1994,New Zealand,1
516,1994,Nigeria,0
517,1994,Norway,5
518,1994,Pakistan,0
519,1994,Peru,0
520,1994,Philippines,0
521,1994,Poland,4
522,1994,Portugal,0
523,1994,Puerto Rico,0
524,1994,Republic of Korea,4
525,1994,Romania,5
526,1994,Russia,24
527,1994,Saudi Arabia,0
528,1994,Serbia,0
529,1994,Singapore,0
530,1994,Slovakia,5
531,1994,Slovenia,7
532,1994,South Africa,1
533,1994,Spain,5
534,1994,Sweden,1
535,1994,Switzerland,7
536,1994,Taiwan,0
537,1994,Thailand,0
538,1994,The former Yugoslav Republic of Macedonia,0
539,1994,Turkey,0
540,1994,Uganda,0
541,1994,Ukraine,8
542,1994,United Kingdom,21
543,1994,United States of America,11
544,1994,Uzbekistan,4
545,1994,Venezuela (Bolivarian Republic of),0
546,1995,Andorra,0
547,1995,Argentina,0
548,1995,Australia,1
549,1995,Austria,6
550,1995,Azerbaijan,0
551,1995,Belarus,0
552,1995,Belgium,3
553,1995,Bolivia (Plurinational State of),0
554,1995,Bosnia and Herzegovina,0
555,1995,Botswana,0
556,1995,Brazil,0
557,1995,Brunei Darussalam,0
558,1995,Bulgaria,5
559,1995,Cambodia,0
560,1995,Canada,1
561,1995,Chile,1
562,1995,China,0
563,1995,"China, Hong Kong Special Administrative Region",0
564,1995,"China, Macao Special Administrative Region",0
565,1995,Colombia,0
566,1995,Costa Rica,0
567,1995,Croatia,0
568,1995,Cyprus,0
569,1995,Czechia,6
570,1995,Democratic Republic of the Congo,0
571,1995,Denmark,0
572,1995,Ecuador,0
573,1995,El Salvador,0
574,1995,Estonia,0
575,1995,Finland,0
576,1995,France,32
577,1995,Georgia,0
578,1995,Germany,19
579,1995,Greece,0
580,1995,Guam,0
581,1995,Guatemala,0
582,1995,Honduras,0
583,1995,Hungary,2
584,1995,Iceland,0
585,1995,India,0
586,1995,Indonesia,0
587,1995,Iran (Islamic Republic of),0
588,1995,Iraq,0
589,1995,Ireland,0
590,1995,Israel,0
591,1995,Italy,11
592,1995,Japan,5
593,1995,Jordan,0
594,1995,Kazakhstan,3
595,1995,Kuwait,0
596,1995,Latvia,0
597,1995,Lebanon,0
598,1995,Lithuania,0
599,1995,Luxembourg,0
600,1995,Malaysia,0
601,1995,Mauritius,0
602,1995,Mexico,0
603,1995,Mongolia,0
604,1995,Nepal,0
605,1995,Netherlands,4
606,1995,New Zealand,1
607,1995,Nigeria,0
608,1995,Norway,5
609,1995,Pakistan,0
610,1995,Peru,0
611,1995,Philippines,0
612,1995,Poland,8
613,1995,Portugal,0
614,1995,Puerto Rico,0
615,1995,Republic of Korea,3
616,1995,Romania,2
617,1995,Russia,21
618,1995,Saudi Arabia,0
619,1995,Serbia,0
620,1995,Singapore,0
621,1995,Slovakia,5
622,1995,Slovenia,10
623,1995,South Africa,2
624,1995,Spain,8
625,1995,Sweden,2
626,1995,Switzerland,11
627,1995,Taiwan,0
628,1995,Thailand,0
629,1995,The former Yugoslav Republic of Macedonia,0
630,1995,Turkey,0
631,1995,Uganda,0
632,1995,Ukraine,12
633,1995,United Kingdom,22
634,1995,United States of America,7
635,1995,Uzbekistan,0
636,1995,Venezuela (Bolivarian Republic of),0
637,1996,Andorra,0
638,1996,Argentina,0
639,1996,Australia,0
640,1996,Austria,7
641,1996,Azerbaijan,0
642,1996,Belarus,0
643,1996,Belgium,3
644,1996,Bolivia (Plurinational State of),0
645,1996,Bosnia and Herzegovina,0
646,1996,Botswana,0
647,1996,Brazil,0
648,1996,Brunei Darussalam,0
649,1996,Bulgaria,2
650,1996,Cambodia,0
651,1996,Canada,1
652,1996,Chile,0
653,1996,China,0
654,1996,"China, Hong Kong Special Administrative Region",0
655,1996,"China, Macao Special Administrative Region",0
656,1996,Colombia,0
657,1996,Costa Rica,0
658,1996,Croatia,0
659,1996,Cyprus,0
660,1996,Czechia,7
661,1996,Democratic Republic of the Congo,0
662,1996,Denmark,0
663,1996,Ecuador,0
664,1996,El Salvador,0
665,1996,Estonia,0
666,1996,Finland,1
667,1996,France,24
668,1996,Georgia,0
669,1996,Germany,10
670,1996,Greece,3
671,1996,Guam,0
672,1996,Guatemala,0
673,1996,Honduras,0
674,1996,Hungary,3
675,1996,Iceland,0
676,1996,India,0
677,1996,Indonesia,0
678,1996,Iran (Islamic Republic of),0
679,1996,Iraq,0
680,1996,Ireland,0
681,1996,Israel,0
682,1996,Italy,12
683,1996,Japan,2
684,1996,Jordan,0
685,1996,Kazakhstan,4
686,1996,Kuwait,0
687,1996,Latvia,0
688,1996,Lebanon,0
689,1996,Lithuania,0
690,1996,Luxembourg,0
691,1996,Malaysia,0
692,1996,Mauritius,0
693,1996,Mexico,0
694,1996,Mongolia,0
695,1996,Nepal,0
696,1996,Netherlands,2
697,1996,New Zealand,1
698,1996,Nigeria,0
699,1996,Norway,2
700,1996,Pakistan,0
701,1996,Peru,0
702,1996,Philippines,0
703,1996,Poland,10
704,1996,Portugal,0
705,1996,Puerto Rico,0
706,1996,Republic of Korea,7
707,1996,Romania,3
708,1996,Russia,25
709,1996,Saudi Arabia,0
710,1996,Serbia,0
711,1996,Singapore,0
712,1996,Slovakia,3
713,1996,Slovenia,11
714,1996,South Africa,0
715,1996,Spain,6
716,1996,Sweden,1
717,1996,Switzerland,6
718,1996,Taiwan,0
719,1996,Thailand,0
720,1996,The former Yugoslav Republic of Macedonia,0
721,1996,Turkey,0
722,1996,Uganda,0
723,1996,Ukraine,9
724,1996,United Kingdom,9
725,1996,United States of America,3
726,1996,Uzbekistan,0
727,1996,Venezuela (Bolivarian Republic of),0
728,1997,Andorra,0
729,1997,Argentina,0
730,1997,Australia,2
731,1997,Austria,13
732,1997,Azerbaijan,0
733,1997,Belarus,0
734,1997,Belgium,3
735,1997,Bolivia (Plurinational State of),0
736,1997,Bosnia and Herzegovina,0
737,1997,Botswana,0
738,1997,Brazil,0
739,1997,Brunei Darussalam,0
740,1997,Bulgaria,3
741,1997,Cambodia,0
742,1997,Canada,1
743,1997,Chile,0
744,1997,China,0
745,1997,"China, Hong Kong Special Administrative Region",0
746,1997,"China, Macao Special Administrative Region",0
747,1997,Colombia,0
748,1997,Costa Rica,0
749,1997,Croatia,3
750,1997,Cyprus,0
751,1997,Czechia,16
752,1997,Democratic Republic of the Congo,0
753,1997,Denmark,0
754,1997,Ecuador,0
755,1997,El Salvador,0
756,1997,Estonia,0
757,1997,Finland,4
758,1997,France,31
759,1997,Georgia,2
760,1997,Germany,10
761,1997,Greece,3
762,1997,Guam,0
763,1997,Guatemala,0
764,1997,Honduras,0
765,1997,Hungary,5
766,1997,Iceland,0
767,1997,India,0
768,1997,Indonesia,0
769,1997,Iran (Islamic Republic of),0
770,1997,Iraq,0
771,1997,Ireland,0
772,1997,Israel,0
773,1997,Italy,26
774,1997,Japan,3
775,1997,Jordan,0
776,1997,Kazakhstan,1
777,1997,Kuwait,0
778,1997,Latvia,0
779,1997,Lebanon,0
780,1997,Lithuania,0
781,1997,Luxembourg,0
782,1997,Malaysia,0
783,1997,Mauritius,0
784,1997,Mexico,0
785,1997,Mongolia,0
786,1997,Nepal,0
787,1997,Netherlands,1
788,1997,New Zealand,0
789,1997,Nigeria,0
790,1997,Norway,2
791,1997,Pakistan,0
792,1997,Peru,0
793,1997,Philippines,0
794,1997,Poland,8
795,1997,Portugal,0
796,1997,Puerto Rico,0
797,1997,Republic of Korea,7
798,1997,Romania,2
799,1997,Russia,11
800,1997,Saudi Arabia,0
801,1997,Serbia,0
802,1997,Singapore,0
803,1997,Slovakia,4
804,1997,Slovenia,12
805,1997,South Africa,1
806,1997,Spain,8
807,1997,Sweden,7
808,1997,Switzerland,8
809,1997,Taiwan,0
810,1997,Thailand,0
811,1997,The former Yugoslav Republic of Macedonia,0
812,1997,Turkey,0
813,1997,Uganda,0
814,1997,Ukraine,3
815,1997,United Kingdom,17
816,1997,United States of America,11
817,1997,Uzbekistan,0
818,1997,Venezuela (Bolivarian Republic of),0
819,1998,Andorra,0
820,1998,Argentina,0
821,1998,Australia,0
822,1998,Austria,7
823,1998,Azerbaijan,0
824,1998,Belarus,0
825,1998,Belgium,3
826,1998,Bolivia (Plurinational State of),0
827,1998,Bosnia and Herzegovina,0
828,1998,Botswana,0
829,1998,Brazil,0
830,1998,Brunei Darussalam,0
831,1998,Bulgaria,3
832,1998,Cambodia,0
833,1998,Canada,0
834,1998,Chile,0
835,1998,China,0
836,1998,"China, Hong Kong Special Administrative Region",0
837,1998,"China, Macao Special Administrative Region",0
838,1998,Colombia,0
839,1998,Costa Rica,0
840,1998,Croatia,4
841,1998,Cyprus,0
842,1998,Czechia,10
843,1998,Democratic Republic of the Congo,0
844,1998,Denmark,0
845,1998,Ecuador,0
846,1998,El Salvador,0
847,1998,Estonia,0
848,1998,Finland,2
849,1998,France,31
850,1998,Georgia,0
851,1998,Germany,12
852,1998,Greece,3
853,1998,Guam,0
854,1998,Guatemala,0
855,1998,Honduras,0
856,1998,Hungary,3
857,1998,Iceland,0
858,1998,India,0
859,1998,Indonesia,0
860,1998,Iran (Islamic Republic of),0
861,1998,Iraq,0
862,1998,Ireland,0
863,1998,Israel,0
864,1998,Italy,30
865,1998,Japan,6
866,1998,Jordan,0
867,1998,Kazakhstan,0
868,1998,Kuwait,0
869,1998,Latvia,0
870,1998,Lebanon,0
871,1998,Lithuania,0
872,1998,Luxembourg,0
873,1998,Malaysia,0
874,1998,Mauritius,0
875,1998,Mexico,0
876,1998,Mongolia,0
877,1998,Nepal,0
878,1998,Netherlands,5
879,1998,New Zealand,1
880,1998,Nigeria,0
881,1998,Norway,2
882,1998,Pakistan,0
883,1998,Peru,0
884,1998,Philippines,0
885,1998,Poland,5
886,1998,Portugal,0
887,1998,Puerto Rico,0
888,1998,Republic of Korea,6
889,1998,Romania,6
890,1998,Russia,15
891,1998,Saudi Arabia,0
892,1998,Serbia,0
893,1998,Singapore,0
894,1998,Slovakia,4
895,1998,Slovenia,15
896,1998,South Africa,0
897,1998,Spain,8
898,1998,Sweden,4
899,1998,Switzerland,9
900,1998,Taiwan,0
901,1998,Thailand,0
902,1998,The former Yugoslav Republic of Macedonia,0
903,1998,Turkey,0
904,1998,Uganda,0
905,1998,Ukraine,13
906,1998,United Kingdom,8
907,1998,United States of America,1
908,1998,Uzbekistan,0
909,1998,Venezuela (Bolivarian Republic of),0
910,1999,Andorra,0
911,1999,Argentina,1
912,1999,Australia,0
913,1999,Austria,17
914,1999,Azerbaijan,0
915,1999,Belarus,0
916,1999,Belgium,3
917,1999,Bolivia (Plurinational State of),0
918,1999,Bosnia and Herzegovina,0
919,1999,Botswana,0
920,1999,Brazil,4
921,1999,Brunei Darussalam,0
922,1999,Bulgaria,6
923,1999,Cambodia,0
924,1999,Canada,4
925,1999,Chile,3
926,1999,China,0
927,1999,"China, Hong Kong Special Administrative Region",1
928,1999,"China, Macao Special Administrative Region",0
929,1999,Colombia,0
930,1999,Costa Rica,0
931,1999,Croatia,3
932,1999,Cyprus,0
933,1999,Czechia,12
934,1999,Democratic Republic of the Congo,0
935,1999,Denmark,0
936,1999,Ecuador,0
937,1999,El Salvador,0
938,1999,Estonia,0
939,1999,Finland,2
940,1999,France,91
941,1999,Georgia,2
942,1999,Germany,19
943,1999,Greece,0
944,1999,Guam,0
945,1999,Guatemala,0
946,1999,Honduras,0
947,1999,Hungary,11
948,1999,Iceland,0
949,1999,India,0
950,1999,Indonesia,0
951,1999,Iran (Islamic Republic of),0
952,1999,Iraq,0
953,1999,Ireland,0
954,1999,Israel,0
955,1999,Italy,31
956,1999,Japan,8
957,1999,Jordan,0
958,1999,Kazakhstan,0
959,1999,Kuwait,0
960,1999,Latvia,0
961,1999,Lebanon,0
962,1999,Lithuania,0
963,1999,Luxembourg,0
964,1999,Malaysia,0
965,1999,Mauritius,0
966,1999,Mexico,0
967,1999,Mongolia,0
968,1999,Nepal,0
969,1999,Netherlands,5
970,1999,New Zealand,1
971,1999,Nigeria,0
972,1999,Norway,1
973,1999,Pakistan,0
974,1999,Peru,0
975,1999,Philippines,0
976,1999,Poland,9
977,1999,Portugal,0
978,1999,Puerto Rico,0
979,1999,Republic of Korea,4
980,1999,Romania,1
981,1999,Russia,27
982,1999,Saudi Arabia,0
983,1999,Serbia,0
984,1999,Singapore,0
985,1999,Slovakia,7
986,1999,Slovenia,15
987,1999,South Africa,0
988,1999,Spain,17
989,1999,Sweden,6
990,1999,Switzerland,14
991,1999,Taiwan,0
992,1999,Thailand,0
993,1999,The former Yugoslav Republic of Macedonia,3
994,1999,Turkey,0
995,1999,Uganda,0
996,1999,Ukraine,17
997,1999,United Kingdom,13
998,1999,United States of America,5
999,1999,Uzbekistan,0
1000,1999,Venezuela (Bolivarian Republic of),0
1001,2000,Andorra,0
1002,2000,Argentina,0
1003,2000,Australia,0
1004,2000,Austria,12
1005,2000,Azerbaijan,0
1006,2000,Belarus,0
1007,2000,Belgium,2
1008,2000,Bolivia (Plurinational State of),0
1009,2000,Bosnia and Herzegovina,0
1010,2000,Botswana,0
1011,2000,Brazil,0
1012,2000,Brunei Darussalam,0
1013,2000,Bulgaria,9
1014,2000,Cambodia,0
1015,2000,Canada,2
1016,2000,Chile,0
1017,2000,China,0
1018,2000,"China, Hong Kong Special Administrative Region",3
1019,2000,"China, Macao Special Administrative Region",0
1020,2000,Colombia,1
1021,2000,Costa Rica,0
1022,2000,Croatia,1
1023,2000,Cyprus,0
1024,2000,Czechia,9
1025,2000,Democratic Republic of the Congo,0
1026,2000,Denmark,0
1027,2000,Ecuador,0
1028,2000,El Salvador,0
1029,2000,Estonia,0
1030,2000,Finland,0
1031,2000,France,96
1032,2000,Georgia,0
1033,2000,Germany,20
1034,2000,Greece,4
1035,2000,Guam,0
1036,2000,Guatemala,0
1037,2000,Honduras,0
1038,2000,Hungary,3
1039,2000,Iceland,0
1040,2000,India,0
1041,2000,Indonesia,0
1042,2000,Iran (Islamic Republic of),0
1043,2000,Iraq,0
1044,2000,Ireland,0
1045,2000,Israel,0
1046,2000,Italy,30
1047,2000,Japan,11
1048,2000,Jordan,0
1049,2000,Kazakhstan,0
1050,2000,Kuwait,0
1051,2000,Latvia,0
1052,2000,Lebanon,0
1053,2000,Lithuania,0
1054,2000,Luxembourg,0
1055,2000,Malaysia,0
1056,2000,Mauritius,0
1057,2000,Mexico,0
1058,2000,Mongolia,0
1059,2000,Nepal,0
1060,2000,Netherlands,7
1061,2000,New Zealand,1
1062,2000,Nigeria,0
1063,2000,Norway,7
1064,2000,Pakistan,0
1065,2000,Peru,0
1066,2000,Philippines,0
1067,2000,Poland,6
1068,2000,Portugal,0
1069,2000,Puerto Rico,0
1070,2000,Republic of Korea,8
1071,2000,Romania,1
1072,2000,Russia,25
1073,2000,Saudi Arabia,0
1074,2000,Serbia,0
1075,2000,Singapore,0
1076,2000,Slovakia,5
1077,2000,Slovenia,17
1078,2000,South Africa,0
1079,2000,Spain,12
1080,2000,Sweden,10
1081,2000,Switzerland,13
1082,2000,Taiwan,1
1083,2000,Thailand,0
1084,2000,The former Yugoslav Republic of Macedonia,3
1085,2000,Turkey,0
1086,2000,Uganda,0
1087,2000,Ukraine,15
1088,2000,United Kingdom,11
1089,2000,United States of America,7
1090,2000,Uzbekistan,0
1091,2000,Venezuela (Bolivarian Republic of),0
1092,2001,Andorra,0
1093,2001,Argentina,0
1094,2001,Australia,0
1095,2001,Austria,11
1096,2001,Azerbaijan,0
1097,2001,Belarus,1
1098,2001,Belgium,2
1099,2001,Bolivia (Plurinational State of),0
1100,2001,Bosnia and Herzegovina,0
1101,2001,Botswana,0
1102,2001,Brazil,1
1103,2001,Brunei Darussalam,0
1104,2001,Bulgaria,0
1105,2001,Cambodia,0
1106,2001,Canada,1
1107,2001,Chile,0
1108,2001,China,8
1109,2001,"China, Hong Kong Special Administrative Region",3
1110,2001,"China, Macao Special Administrative Region",0
1111,2001,Colombia,0
1112,2001,Costa Rica,0
1113,2001,Croatia,0
1114,2001,Cyprus,0
1115,2001,Czechia,9
1116,2001,Democratic Republic of the Congo,0
1117,2001,Denmark,5
1118,2001,Ecuador,0
1119,2001,El Salvador,0
1120,2001,Estonia,0
1121,2001,Finland,2
1122,2001,France,47
1123,2001,Georgia,4
1124,2001,Germany,17
1125,2001,Greece,1
1126,2001,Guam,0
1127,2001,Guatemala,0
1128,2001,Honduras,0
1129,2001,Hungary,5
1130,2001,Iceland,0
1131,2001,India,0
1132,2001,Indonesia,5
1133,2001,Iran (Islamic Republic of),0
1134,2001,Iraq,0
1135,2001,Ireland,0
1136,2001,Israel,0
1137,2001,Italy,27
1138,2001,Japan,14
1139,2001,Jordan,0
1140,2001,Kazakhstan,0
1141,2001,Kuwait,0
1142,2001,Latvia,0
1143,2001,Lebanon,0
1144,2001,Lithuania,0
1145,2001,Luxembourg,0
1146,2001,Malaysia,11
1147,2001,Mauritius,0
1148,2001,Mexico,1
1149,2001,Mongolia,0
1150,2001,Nepal,0
1151,2001,Netherlands,8
1152,2001,New Zealand,1
1153,2001,Nigeria,0
1154,2001,Norway,4
1155,2001,Pakistan,0
1156,2001,Peru,0
1157,2001,Philippines,4
1158,2001,Poland,7
1159,2001,Portugal,0
1160,2001,Puerto Rico,0
1161,2001,Republic of Korea,13
1162,2001,Romania,0
1163,2001,Russia,31
1164,2001,Saudi Arabia,0
1165,2001,Serbia,0
1166,2001,Singapore,0
1167,2001,Slovakia,3
1168,2001,Slovenia,17
1169,2001,South Africa,0
1170,2001,Spain,11
1171,2001,Sweden,9
1172,2001,Switzerland,14
1173,2001,Taiwan,5
1174,2001,Thailand,0
1175,2001,The former Yugoslav Republic of Macedonia,0
1176,2001,Turkey,0
1177,2001,Uganda,0
1178,2001,Ukraine,13
1179,2001,United Kingdom,29
1180,2001,United States of America,12
1181,2001,Uzbekistan,0
1182,2001,Venezuela (Bolivarian Republic of),0
1183,2002,Andorra,0
1184,2002,Argentina,0
1185,2002,Australia,1
1186,2002,Austria,15
1187,2002,Azerbaijan,0
1188,2002,Belarus,2
1189,2002,Belgium,1
1190,2002,Bolivia (Plurinational State of),0
1191,2002,Bosnia and Herzegovina,0
1192,2002,Botswana,0
1193,2002,Brazil,5
1194,2002,Brunei Darussalam,0
1195,2002,Bulgaria,0
1196,2002,Cambodia,0
1197,2002,Canada,2
1198,2002,Chile,0
1199,2002,China,6
1200,2002,"China, Hong Kong Special Administrative Region",6
1201,2002,"China, Macao Special Administrative Region",0
1202,2002,Colombia,0
1203,2002,Costa Rica,0
1204,2002,Croatia,1
1205,2002,Cyprus,0
1206,2002,Czechia,12
1207,2002,Democratic Republic of the Congo,0
1208,2002,Denmark,2
1209,2002,Ecuador,0
1210,2002,El Salvador,0
1211,2002,Estonia,0
1212,2002,Finland,0
1213,2002,France,48
1214,2002,Georgia,5
1215,2002,Germany,15
1216,2002,Greece,1
1217,2002,Guam,0
1218,2002,Guatemala,0
1219,2002,Honduras,0
1220,2002,Hungary,4
1221,2002,Iceland,0
1222,2002,India,1
1223,2002,Indonesia,6
1224,2002,Iran (Islamic Republic of),4
1225,2002,Iraq,0
1226,2002,Ireland,0
1227,2002,Israel,0
1228,2002,Italy,32
1229,2002,Japan,11
1230,2002,Jordan,0
1231,2002,Kazakhstan,2
1232,2002,Kuwait,0
1233,2002,Latvia,0
1234,2002,Lebanon,0
1235,2002,Lithuania,0
1236,2002,Luxembourg,0
1237,2002,Malaysia,2
1238,2002,Mauritius,0
1239,2002,Mexico,0
1240,2002,Mongolia,0
1241,2002,Nepal,0
1242,2002,Netherlands,7
1243,2002,New Zealand,1
1244,2002,Nigeria,0
1245,2002,Norway,5
1246,2002,Pakistan,0
1247,2002,Peru,0
1248,2002,Philippines,6
1249,2002,Poland,1
1250,2002,Portugal,0
1251,2002,Puerto Rico,0
1252,2002,Republic of Korea,9
1253,2002,Romania,0
1254,2002,Russia,48
1255,2002,Saudi Arabia,0
1256,2002,Serbia,0
1257,2002,Singapore,0
1258,2002,Slovakia,2
1259,2002,Slovenia,17
1260,2002,South Africa,2
1261,2002,Spain,10
1262,2002,Sweden,5
1263,2002,Switzerland,15
1264,2002,Taiwan,4
1265,2002,Thailand,0
1266,2002,The former Yugoslav Republic of Macedonia,0
1267,2002,Turkey,0
1268,2002,Uganda,0
1269,2002,Ukraine,20
1270,2002,United Kingdom,18
1271,2002,United States of America,11
1272,2002,Uzbekistan,0
1273,2002,Venezuela (Bolivarian Republic of),0
1274,2003,Andorra,0
1275,2003,Argentina,0
1276,2003,Australia,1
1277,2003,Austria,21
1278,2003,Azerbaijan,0
1279,2003,Belarus,0
1280,2003,Belgium,4
1281,2003,Bolivia (Plurinational State of),0
1282,2003,Bosnia and Herzegovina,0
1283,2003,Botswana,0
1284,2003,Brazil,0
1285,2003,Brunei Darussalam,0
1286,2003,Bulgaria,1
1287,2003,Cambodia,0
1288,2003,Canada,3
1289,2003,Chile,0
1290,2003,China,19
1291,2003,"China, Hong Kong Special Administrative Region",14
1292,2003,"China, Macao Special Administrative Region",0
1293,2003,Colombia,0
1294,2003,Costa Rica,0
1295,2003,Croatia,0
1296,2003,Cyprus,0
1297,2003,Czechia,12
1298,2003,Democratic Republic of the Congo,0
1299,2003,Denmark,0
1300,2003,Ecuador,0
1301,2003,El Salvador,0
1302,2003,Estonia,0
1303,2003,Finland,2
1304,2003,France,66
1305,2003,Georgia,1
1306,2003,Germany,18
1307,2003,Greece,1
1308,2003,Guam,0
1309,2003,Guatemala,0
1310,2003,Honduras,0
1311,2003,Hungary,2
1312,2003,Iceland,0
1313,2003,India,0
1314,2003,Indonesia,7
1315,2003,Iran (Islamic Republic of),0
1316,2003,Iraq,0
1317,2003,Ireland,0
1318,2003,Israel,1
1319,2003,Italy,34
1320,2003,Japan,12
1321,2003,Jordan,0
1322,2003,Kazakhstan,0
1323,2003,Kuwait,0
1324,2003,Latvia,0
1325,2003,Lebanon,0
1326,2003,Lithuania,0
1327,2003,Luxembourg,0
1328,2003,Malaysia,1
1329,2003,Mauritius,0
1330,2003,Mexico,0
1331,2003,Mongolia,3
1332,2003,Nepal,0
1333,2003,Netherlands,7
1334,2003,New Zealand,1
1335,2003,Nigeria,0
1336,2003,Norway,3
1337,2003,Pakistan,0
1338,2003,Peru,0
1339,2003,Philippines,6
1340,2003,Poland,3
1341,2003,Portugal,3
1342,2003,Puerto Rico,0
1343,2003,Republic of Korea,7
1344,2003,Romania,0
1345,2003,Russia,54
1346,2003,Saudi Arabia,0
1347,2003,Serbia,0
1348,2003,Singapore,0
1349,2003,Slovakia,9
1350,2003,Slovenia,23
1351,2003,South Africa,0
1352,2003,Spain,15
1353,2003,Sweden,9
1354,2003,Switzerland,13
1355,2003,Taiwan,6
1356,2003,Thailand,0
1357,2003,The former Yugoslav Republic of Macedonia,2
1358,2003,Turkey,0
1359,2003,Uganda,0
1360,2003,Ukraine,15
1361,2003,United Kingdom,28
1362,2003,United States of America,10
1363,2003,Uzbekistan,0
1364,2003,Venezuela (Bolivarian Republic of),3
1365,2004,Andorra,0
1366,2004,Argentina,0
1367,2004,Australia,5
1368,2004,Austria,29
1369,2004,Azerbaijan,0
1370,2004,Belarus,1
1371,2004,Belgium,15
1372,2004,Bolivia (Plurinational State of),0
1373,2004,Bosnia and Herzegovina,0
1374,2004,Botswana,0
1375,2004,Brazil,1
1376,2004,Brunei Darussalam,0
1377,2004,Bulgaria,0
1378,2004,Cambodia,0
1379,2004,Canada,0
1380,2004,Chile,0
1381,2004,China,21
1382,2004,"China, Hong Kong Special Administrative Region",11
1383,2004,"China, Macao Special Administrative Region",0
1384,2004,Colombia,0
1385,2004,Costa Rica,0
1386,2004,Croatia,0
1387,2004,Cyprus,0
1388,2004,Czechia,14
1389,2004,Democratic Republic of the Congo,0
1390,2004,Denmark,6
1391,2004,Ecuador,0
1392,2004,El Salvador,0
1393,2004,Estonia,0
1394,2004,Finland,0
1395,2004,France,75
1396,2004,Georgia,0
1397,2004,Germany,21
1398,2004,Greece,6
1399,2004,Guam,0
1400,2004,Guatemala,0
1401,2004,Honduras,0
1402,2004,Hungary,1
1403,2004,Iceland,0
1404,2004,India,1
1405,2004,Indonesia,7
1406,2004,Iran (Islamic Republic of),0
1407,2004,Iraq,0
1408,2004,Ireland,0
1409,2004,Israel,1
1410,2004,Italy,30
1411,2004,Japan,13
1412,2004,Jordan,0
1413,2004,Kazakhstan,2
1414,2004,Kuwait,0
1415,2004,Latvia,0
1416,2004,Lebanon,0
1417,2004,Lithuania,0
1418,2004,Luxembourg,0
1419,2004,Malaysia,0
1420,2004,Mauritius,0
1421,2004,Mexico,0
1422,2004,Mongolia,0
1423,2004,Nepal,0
1424,2004,Netherlands,10
1425,2004,New Zealand,3
1426,2004,Nigeria,0
1427,2004,Norway,2
1428,2004,Pakistan,0
1429,2004,Peru,0
1430,2004,Philippines,8
1431,2004,Poland,13
1432,2004,Portugal,5
1433,2004,Puerto Rico,0
1434,2004,Republic of Korea,9
1435,2004,Romania,0
1436,2004,Russia,20
1437,2004,Saudi Arabia,0
1438,2004,Serbia,0
1439,2004,Singapore,0
1440,2004,Slovakia,9
1441,2004,Slovenia,20
1442,2004,South Africa,0
1443,2004,Spain,17
1444,2004,Sweden,9
1445,2004,Switzerland,12
1446,2004,Taiwan,6
1447,2004,Thailand,0
1448,2004,The former Yugoslav Republic of Macedonia,0
1449,2004,Turkey,0
1450,2004,Uganda,0
1451,2004,Ukraine,11
1452,2004,United Kingdom,25
1453,2004,United States of America,8
1454,2004,Uzbekistan,0
1455,2004,Venezuela (Bolivarian Republic of),3
1456,2005,Andorra,0
1457,2005,Argentina,1
1458,2005,Australia,5
1459,2005,Austria,26
1460,2005,Azerbaijan,0
1461,2005,Belarus,3
1462,2005,Belgium,14
1463,2005,Bolivia (Plurinational State of),0
1464,2005,Bosnia and Herzegovina,0
1465,2005,Botswana,0
1466,2005,Brazil,5
1467,2005,Brunei Darussalam,0
1468,2005,Bulgaria,12
1469,2005,Cambodia,0
1470,2005,Canada,0
1471,2005,Chile,0
1472,2005,China,12
1473,2005,"China, Hong Kong Special Administrative Region",6
1474,2005,"China, Macao Special Administrative Region",0
1475,2005,Colombia,0
1476,2005,Costa Rica,0
1477,2005,Croatia,3
1478,2005,Cyprus,0
1479,2005,Czechia,18
1480,2005,Democratic Republic of the Congo,0
1481,2005,Denmark,3
1482,2005,Ecuador,0
1483,2005,El Salvador,0
1484,2005,Estonia,0
1485,2005,Finland,2
1486,2005,France,77
1487,2005,Georgia,0
1488,2005,Germany,23
1489,2005,Greece,0
1490,2005,Guam,0
1491,2005,Guatemala,0
1492,2005,Honduras,0
1493,2005,Hungary,2
1494,2005,Iceland,0
1495,2005,India,2
1496,2005,Indonesia,5
1497,2005,Iran (Islamic Republic of),0
1498,2005,Iraq,0
1499,2005,Ireland,0
1500,2005,Israel,0
1501,2005,Italy,21
1502,2005,Japan,17
1503,2005,Jordan,0
1504,2005,Kazakhstan,3
1505,2005,Kuwait,0
1506,2005,Latvia,0
1507,2005,Lebanon,0
1508,2005,Lithuania,0
1509,2005,Luxembourg,0
1510,2005,Malaysia,4
1511,2005,Mauritius,0
1512,2005,Mexico,0
1513,2005,Mongolia,0
1514,2005,Nepal,0
1515,2005,Netherlands,8
1516,2005,New Zealand,1
1517,2005,Nigeria,0
1518,2005,Norway,6
1519,2005,Pakistan,0
1520,2005,Peru,0
1521,2005,Philippines,0
1522,2005,Poland,8
1523,2005,Portugal,6
1524,2005,Puerto Rico,0
1525,2005,Republic of Korea,9
1526,2005,Romania,0
1527,2005,Russia,58
1528,2005,Saudi Arabia,0
1529,2005,Serbia,2
1530,2005,Singapore,0
1531,2005,Slovakia,6
1532,2005,Slovenia,17
1533,2005,South Africa,0
1534,2005,Spain,16
1535,2005,Sweden,11
1536,2005,Switzerland,15
1537,2005,Taiwan,3
1538,2005,Thailand,0
1539,2005,The former Yugoslav Republic of Macedonia,1
1540,2005,Turkey,0
1541,2005,Uganda,0
1542,2005,Ukraine,26
1543,2005,United Kingdom,17
1544,2005,United States of America,9
1545,2005,Uzbekistan,0
1546,2005,Venezuela (Bolivarian Republic of),6
1547,2006,Andorra,0
1548,2006,Argentina,1
1549,2006,Australia,10
1550,2006,Austria,28
1551,2006,Azerbaijan,0
1552,2006,Belarus,1
1553,2006,Belgium,13
1554,2006,Bolivia (Plurinational State of),0
1555,2006,Bosnia and Herzegovina,0
1556,2006,Botswana,0
1557,2006,Brazil,3
1558,2006,Brunei Darussalam,0
1559,2006,Bulgaria,14
1560,2006,Cambodia,0
1561,2006,Canada,2
1562,2006,Chile,0
1563,2006,China,16
1564,2006,"China, Hong Kong Special Administrative Region",4
1565,2006,"China, Macao Special Administrative Region",0
1566,2006,Colombia,0
1567,2006,Costa Rica,0
1568,2006,Croatia,6
1569,2006,Cyprus,0
1570,2006,Czechia,12
1571,2006,Democratic Republic of the Congo,0
1572,2006,Denmark,2
1573,2006,Ecuador,1
1574,2006,El Salvador,0
1575,2006,Estonia,0
1576,2006,Finland,2
1577,2006,France,66
1578,2006,Georgia,0
1579,2006,Germany,22
1580,2006,Greece,4
1581,2006,Guam,0
1582,2006,Guatemala,0
1583,2006,Honduras,0
1584,2006,Hungary,2
1585,2006,Iceland,0
1586,2006,India,1
1587,2006,Indonesia,20
1588,2006,Iran (Islamic Republic of),0
1589,2006,Iraq,0
1590,2006,Ireland,0
1591,2006,Israel,0
1592,2006,Italy,27
1593,2006,Japan,14
1594,2006,Jordan,0
1595,2006,Kazakhstan,1
1596,2006,Kuwait,0
1597,2006,Latvia,0
1598,2006,Lebanon,0
1599,2006,Lithuania,0
1600,2006,Luxembourg,1
1601,2006,Malaysia,16
1602,2006,Mauritius,0
1603,2006,Mexico,0
1604,2006,Mongolia,0
1605,2006,Nepal,0
1606,2006,Netherlands,11
1607,2006,New Zealand,3
1608,2006,Nigeria,0
1609,2006,Norway,3
1610,2006,Pakistan,0
1611,2006,Peru,0
1612,2006,Philippines,4
1613,2006,Poland,8
1614,2006,Portugal,5
1615,2006,Puerto Rico,0
1616,2006,Republic of Korea,13
1617,2006,Romania,0
1618,2006,Russia,50
1619,2006,Saudi Arabia,0
1620,2006,Serbia,1
1621,2006,Singapore,0
1622,2006,Slovakia,8
1623,2006,Slovenia,16
1624,2006,South Africa,0
1625,2006,Spain,7
1626,2006,Sweden,11
1627,2006,Switzerland,13
1628,2006,Taiwan,2
1629,2006,Thailand,2
1630,2006,The former Yugoslav Republic of Macedonia,0
1631,2006,Turkey,6
1632,2006,Uganda,0
1633,2006,Ukraine,28
1634,2006,United Kingdom,23
1635,2006,United States of America,2
1636,2006,Uzbekistan,0
1637,2006,Venezuela (Bolivarian Republic of),6
1638,2007,Andorra,0
1639,2007,Argentina,0
1640,2007,Australia,6
1641,2007,Austria,26
1642,2007,Azerbaijan,0
1643,2007,Belarus,0
1644,2007,Belgium,16
1645,2007,Bolivia (Plurinational State of),0
1646,2007,Bosnia and Herzegovina,0
1647,2007,Botswana,0
1648,2007,Brazil,5
1649,2007,Brunei Darussalam,0
1650,2007,Bulgaria,7
1651,2007,Cambodia,0
1652,2007,Canada,1
1653,2007,Chile,0
1654,2007,China,15
1655,2007,"China, Hong Kong Special Administrative Region",4
1656,2007,"China, Macao Special Administrative Region",0
1657,2007,Colombia,0
1658,2007,Costa Rica,0
1659,2007,Croatia,3
1660,2007,Cyprus,0
1661,2007,Czechia,20
1662,2007,Democratic Republic of the Congo,0
1663,2007,Denmark,0
1664,2007,Ecuador,0
1665,2007,El Salvador,0
1666,2007,Estonia,0
1667,2007,Finland,1
1668,2007,France,74
1669,2007,Georgia,0
1670,2007,Germany,21
1671,2007,Greece,3
1672,2007,Guam,0
1673,2007,Guatemala,0
1674,2007,Honduras,0
1675,2007,Hungary,4
1676,2007,Iceland,0
1677,2007,India,0
1678,2007,Indonesia,1
1679,2007,Iran (Islamic Republic of),11
1680,2007,Iraq,0
1681,2007,Ireland,0
1682,2007,Israel,0
1683,2007,Italy,22
1684,2007,Japan,26
1685,2007,Jordan,0
1686,2007,Kazakhstan,2
1687,2007,Kuwait,0
1688,2007,Latvia,0
1689,2007,Lebanon,0
1690,2007,Lithuania,0
1691,2007,Luxembourg,1
1692,2007,Malaysia,0
1693,2007,Mauritius,0
1694,2007,Mexico,5
1695,2007,Mongolia,0
1696,2007,Nepal,0
1697,2007,Netherlands,10
1698,2007,New Zealand,1
1699,2007,Nigeria,0
1700,2007,Norway,5
1701,2007,Pakistan,0
1702,2007,Peru,0
1703,2007,Philippines,0
1704,2007,Poland,22
1705,2007,Portugal,0
1706,2007,Puerto Rico,0
1707,2007,Republic of Korea,6
1708,2007,Romania,12
1709,2007,Russia,38
1710,2007,Saudi Arabia,0
1711,2007,Serbia,0
1712,2007,Singapore,0
1713,2007,Slovakia,7
1714,2007,Slovenia,15
1715,2007,South Africa,1
1716,2007,Spain,8
1717,2007,Sweden,4
1718,2007,Switzerland,14
1719,2007,Taiwan,5
1720,2007,Thailand,0
1721,2007,The former Yugoslav Republic of Macedonia,4
1722,2007,Turkey,6
1723,2007,Uganda,0
1724,2007,Ukraine,30
1725,2007,United Kingdom,22
1726,2007,United States of America,4
1727,2007,Uzbekistan,0
1728,2007,Venezuela (Bolivarian Republic of),8
1729,2008,Andorra,0
1730,2008,Argentina,1
1731,2008,Australia,3
1732,2008,Austria,29
1733,2008,Azerbaijan,0
1734,2008,Belarus,4
1735,2008,Belgium,12
1736,2008,Bolivia (Plurinational State of),0
1737,2008,Bosnia and Herzegovina,0
1738,2008,Botswana,0
1739,2008,Brazil,5
1740,2008,Brunei Darussalam,0
1741,2008,Bulgaria,7
1742,2008,Cambodia,0
1743,2008,Canada,20
1744,2008,Chile,0
1745,2008,China,15
1746,2008,"China, Hong Kong Special Administrative Region",0
1747,2008,"China, Macao Special Administrative Region",0
1748,2008,Colombia,0
1749,2008,Costa Rica,1
1750,2008,Croatia,0
1751,2008,Cyprus,0
1752,2008,Czechia,10
1753,2008,Democratic Republic of the Congo,0
1754,2008,Denmark,0
1755,2008,Ecuador,0
1756,2008,El Salvador,0
1757,2008,Estonia,0
1758,2008,Finland,1
1759,2008,France,83
1760,2008,Georgia,0
1761,2008,Germany,15
1762,2008,Greece,1
1763,2008,Guam,0
1764,2008,Guatemala,0
1765,2008,Honduras,0
1766,2008,Hungary,5
1767,2008,Iceland,0
1768,2008,India,0
1769,2008,Indonesia,0
1770,2008,Iran (Islamic Republic of),0
1771,2008,Iraq,0
1772,2008,Ireland,0
1773,2008,Israel,0
1774,2008,Italy,18
1775,2008,Japan,15
1776,2008,Jordan,0
1777,2008,Kazakhstan,9
1778,2008,Kuwait,0
1779,2008,Latvia,2
1780,2008,Lebanon,0
1781,2008,Lithuania,0
1782,2008,Luxembourg,0
1783,2008,Malaysia,0
1784,2008,Mauritius,0
1785,2008,Mexico,2
1786,2008,Mongolia,0
1787,2008,Nepal,0
1788,2008,Netherlands,10
1789,2008,New Zealand,0
1790,2008,Nigeria,0
1791,2008,Norway,7
1792,2008,Pakistan,0
1793,2008,Peru,0
1794,2008,Philippines,0
1795,2008,Poland,12
1796,2008,Portugal,0
1797,2008,Puerto Rico,0
1798,2008,Republic of Korea,6
1799,2008,Romania,6
1800,2008,Russia,88
1801,2008,Saudi Arabia,0
1802,2008,Serbia,2
1803,2008,Singapore,0
1804,2008,Slovakia,4
1805,2008,Slovenia,17
1806,2008,South Africa,1
1807,2008,Spain,14
1808,2008,Sweden,3
1809,2008,Switzerland,16
1810,2008,Taiwan,0
1811,2008,Thailand,0
1812,2008,The former Yugoslav Republic of Macedonia,0
1813,2008,Turkey,1
1814,2008,Uganda,0
1815,2008,Ukraine,29
1816,2008,United Kingdom,18
1817,2008,United States of America,26
1818,2008,Uzbekistan,0
1819,2008,Venezuela (Bolivarian Republic of),10
1820,2009,Andorra,2
1821,2009,Argentina,1
1822,2009,Australia,3
1823,2009,Austria,25
1824,2009,Azerbaijan,0
1825,2009,Belarus,1
1826,2009,Belgium,13
1827,2009,Bolivia (Plurinational State of),0
1828,2009,Bosnia and Herzegovina,0
1829,2009,Botswana,0
1830,2009,Brazil,3
1831,2009,Brunei Darussalam,0
1832,2009,Bulgaria,4
1833,2009,Cambodia,0
1834,2009,Canada,9
1835,2009,Chile,1
1836,2009,China,9
1837,2009,"China, Hong Kong Special Administrative Region",2
1838,2009,"China, Macao Special Administrative Region",0
1839,2009,Colombia,0
1840,2009,Costa Rica,1
1841,2009,Croatia,1
1842,2009,Cyprus,0
1843,2009,Czechia,13
1844,2009,Democratic Republic of the Congo,0
1845,2009,Denmark,0
1846,2009,Ecuador,0
1847,2009,El Salvador,0
1848,2009,Estonia,0
1849,2009,Finland,2
1850,2009,France,59
1851,2009,Georgia,0
1852,2009,Germany,18
1853,2009,Greece,1
1854,2009,Guam,0
1855,2009,Guatemala,0
1856,2009,Honduras,0
1857,2009,Hungary,11
1858,2009,Iceland,0
1859,2009,India,0
1860,2009,Indonesia,0
1861,2009,Iran (Islamic Republic of),0
1862,2009,Iraq,0
1863,2009,Ireland,0
1864,2009,Israel,4
1865,2009,Italy,21
1866,2009,Japan,26
1867,2009,Jordan,0
1868,2009,Kazakhstan,0
1869,2009,Kuwait,0
1870,2009,Latvia,1
1871,2009,Lebanon,0
1872,2009,Lithuania,0
1873,2009,Luxembourg,1
1874,2009,Malaysia,0
1875,2009,Mauritius,0
1876,2009,Mexico,2
1877,2009,Mongolia,0
1878,2009,Nepal,0
1879,2009,Netherlands,18
1880,2009,New Zealand,7
1881,2009,Nigeria,0
1882,2009,Norway,6
1883,2009,Pakistan,0
1884,2009,Peru,0
1885,2009,Philippines,0
1886,2009,Poland,19
1887,2009,Portugal,1
1888,2009,Puerto Rico,0
1889,2009,Republic of Korea,10
1890,2009,Romania,6
1891,2009,Russia,47
1892,2009,Saudi Arabia,0
1893,2009,Serbia,1
1894,2009,Singapore,0
1895,2009,Slovakia,10
1896,2009,Slovenia,15
1897,2009,South Africa,0
1898,2009,Spain,14
1899,2009,Sweden,9
1900,2009,Switzerland,17
1901,2009,Taiwan,0
1902,2009,Thailand,0
1903,2009,The former Yugoslav Republic of Macedonia,0
1904,2009,Turkey,6
1905,2009,Uganda,0
1906,2009,Ukraine,22
1907,2009,United Kingdom,15
1908,2009,United States of America,26
1909,2009,Uzbekistan,0
1910,2009,Venezuela (Bolivarian Republic of),5
1911,2010,Andorra,0
1912,2010,Argentina,0
1913,2010,Australia,3
1914,2010,Austria,27
1915,2010,Azerbaijan,0
1916,2010,Belarus,6
1917,2010,Belgium,13
1918,2010,Bolivia (Plurinational State of),0
1919,2010,Bosnia and Herzegovina,0
1920,2010,Botswana,0
1921,2010,Brazil,4
1922,2010,Brunei Darussalam,0
1923,2010,Bulgaria,4
1924,2010,Cambodia,0
1925,2010,Canada,13
1926,2010,Chile,4
1927,2010,China,21
1928,2010,"China, Hong Kong Special Administrative Region",2
1929,2010,"China, Macao Special Administrative Region",0
1930,2010,Colombia,2
1931,2010,Costa Rica,1
1932,2010,Croatia,1
1933,2010,Cyprus,0
1934,2010,Czechia,7
1935,2010,Democratic Republic of the Congo,0
1936,2010,Denmark,1
1937,2010,Ecuador,2
1938,2010,El Salvador,0
1939,2010,Estonia,0
1940,2010,Finland,0
1941,2010,France,57
1942,2010,Georgia,0
1943,2010,Germany,16
1944,2010,Greece,2
1945,2010,Guam,0
1946,2010,Guatemala,0
1947,2010,Honduras,0
1948,2010,Hungary,8
1949,2010,Iceland,0
1950,2010,India,0
1951,2010,Indonesia,0
1952,2010,Iran (Islamic Republic of),5
1953,2010,Iraq,0
1954,2010,Ireland,1
1955,2010,Israel,1
1956,2010,Italy,25
1957,2010,Japan,26
1958,2010,Jordan,0
1959,2010,Kazakhstan,3
1960,2010,Kuwait,0
1961,2010,Latvia,1
1962,2010,Lebanon,0
1963,2010,Lithuania,2
1964,2010,Luxembourg,0
1965,2010,Malaysia,0
1966,2010,Mauritius,0
1967,2010,Mexico,0
1968,2010,Mongolia,0
1969,2010,Nepal,0
1970,2010,Netherlands,20
1971,2010,New Zealand,5
1972,2010,Nigeria,0
1973,2010,Norway,5
1974,2010,Pakistan,0
1975,2010,Peru,0
1976,2010,Philippines,0
1977,2010,Poland,21
1978,2010,Portugal,0
1979,2010,Puerto Rico,0
1980,2010,Republic of Korea,23
1981,2010,Romania,4
1982,2010,Russia,62
1983,2010,Saudi Arabia,0
1984,2010,Serbia,0
1985,2010,Singapore,0
1986,2010,Slovakia,7
1987,2010,Slovenia,14
1988,2010,South Africa,0
1989,2010,Spain,10
1990,2010,Sweden,6
1991,2010,Switzerland,22
1992,2010,Taiwan,2
1993,2010,Thailand,0
1994,2010,The former Yugoslav Republic of Macedonia,0
1995,2010,Turkey,0
1996,2010,Uganda,0
1997,2010,Ukraine,24
1998,2010,United Kingdom,16
1999,2010,United States of America,23
2000,2010,Uzbekistan,0
2001,2010,Venezuela (Bolivarian Republic of),6
2002,2011,Andorra,0
2003,2011,Argentina,5
2004,2011,Australia,1
2005,2011,Austria,24
2006,2011,Azerbaijan,0
2007,2011,Belarus,0
2008,2011,Belgium,9
2009,2011,Bolivia (Plurinational State of),0
2010,2011,Bosnia and Herzegovina,0
2011,2011,Botswana,0
2012,2011,Brazil,5
2013,2011,Brunei Darussalam,0
2014,2011,Bulgaria,1
2015,2011,Cambodia,0
2016,2011,Canada,28
2017,2011,Chile,1
2018,2011,China,19
2019,2011,"China, Hong Kong Special Administrative Region",3
2020,2011,"China, Macao Special Administrative Region",0
2021,2011,Colombia,1
2022,2011,Costa Rica,1
2023,2011,Croatia,0
2024,2011,Cyprus,0
2025,2011,Czechia,13
2026,2011,Democratic Republic of the Congo,0
2027,2011,Denmark,0
2028,2011,Ecuador,5
2029,2011,El Salvador,0
2030,2011,Estonia,0
2031,2011,Finland,2
2032,2011,France,54
2033,2011,Georgia,2
2034,2011,Germany,27
2035,2011,Greece,0
2036,2011,Guam,0
2037,2011,Guatemala,0
2038,2011,Honduras,1
2039,2011,Hungary,6
2040,2011,Iceland,0
2041,2011,India,0
2042,2011,Indonesia,12
2043,2011,Iran (Islamic Republic of),0
2044,2011,Iraq,1
2045,2011,Ireland,2
2046,2011,Israel,4
2047,2011,Italy,24
2048,2011,Japan,31
2049,2011,Jordan,1
2050,2011,Kazakhstan,9
2051,2011,Kuwait,0
2052,2011,Latvia,1
2053,2011,Lebanon,2
2054,2011,Lithuania,3
2055,2011,Luxembourg,0
2056,2011,Malaysia,4
2057,2011,Mauritius,0
2058,2011,Mexico,7
2059,2011,Mongolia,0
2060,2011,Nepal,0
2061,2011,Netherlands,17
2062,2011,New Zealand,0
2063,2011,Nigeria,0
2064,2011,Norway,4
2065,2011,Pakistan,0
2066,2011,Peru,0
2067,2011,Philippines,0
2068,2011,Poland,15
2069,2011,Portugal,2
2070,2011,Puerto Rico,0
2071,2011,Republic of Korea,10
2072,2011,Romania,0
2073,2011,Russia,52
2074,2011,Saudi Arabia,0
2075,2011,Serbia,1
2076,2011,Singapore,0
2077,2011,Slovakia,8
2078,2011,Slovenia,18
2079,2011,South Africa,3
2080,2011,Spain,17
2081,2011,Sweden,5
2082,2011,Switzerland,20
2083,2011,Taiwan,5
2084,2011,Thailand,2
2085,2011,The former Yugoslav Republic of Macedonia,1
2086,2011,Turkey,4
2087,2011,Uganda,0
2088,2011,Ukraine,25
2089,2011,United Kingdom,19
2090,2011,United States of America,50
2091,2011,Uzbekistan,0
2092,2011,Venezuela (Bolivarian Republic of),3
2093,2012,Andorra,0
2094,2012,Argentina,2
2095,2012,Australia,2
2096,2012,Austria,27
2097,2012,Azerbaijan,7
2098,2012,Belarus,0
2099,2012,Belgium,10
2100,2012,Bolivia (Plurinational State of),0
2101,2012,Bosnia and Herzegovina,0
2102,2012,Botswana,0
2103,2012,Brazil,0
2104,2012,Brunei Darussalam,0
2105,2012,Bulgaria,0
2106,2012,Cambodia,0
2107,2012,Canada,15
2108,2012,Chile,1
2109,2012,China,18
2110,2012,"China, Hong Kong Special Administrative Region",3
2111,2012,"China, Macao Special Administrative Region",0
2112,2012,Colombia,0
2113,2012,Costa Rica,0
2114,2012,Croatia,0
2115,2012,Cyprus,0
2116,2012,Czechia,15
2117,2012,Democratic Republic of the Congo,0
2118,2012,Denmark,2
2119,2012,Ecuador,4
2120,2012,El Salvador,0
2121,2012,Estonia,0
2122,2012,Finland,4
2123,2012,France,49
2124,2012,Georgia,0
2125,2012,Germany,33
2126,2012,Greece,1
2127,2012,Guam,0
2128,2012,Guatemala,0
2129,2012,Honduras,0
2130,2012,Hungary,4
2131,2012,Iceland,0
2132,2012,India,0
2133,2012,Indonesia,5
2134,2012,Iran (Islamic Republic of),1
2135,2012,Iraq,0
2136,2012,Ireland,0
2137,2012,Israel,1
2138,2012,Italy,17
2139,2012,Japan,39
2140,2012,Jordan,0
2141,2012,Kazakhstan,1
2142,2012,Kuwait,0
2143,2012,Latvia,0
2144,2012,Lebanon,0
2145,2012,Lithuania,3
2146,2012,Luxembourg,0
2147,2012,Malaysia,2
2148,2012,Mauritius,0
2149,2012,Mexico,8
2150,2012,Mongolia,3
2151,2012,Nepal,0
2152,2012,Netherlands,11
2153,2012,New Zealand,0
2154,2012,Nigeria,0
2155,2012,Norway,5
2156,2012,Pakistan,0
2157,2012,Peru,0
2158,2012,Philippines,0
2159,2012,Poland,15
2160,2012,Portugal,0
2161,2012,Puerto Rico,0
2162,2012,Republic of Korea,23
2163,2012,Romania,2
2164,2012,Russia,47
2165,2012,Saudi Arabia,0
2166,2012,Serbia,1
2167,2012,Singapore,0
2168,2012,Slovakia,9
2169,2012,Slovenia,16
2170,2012,South Africa,0
2171,2012,Spain,9
2172,2012,Sweden,5
2173,2012,Switzerland,16
2174,2012,Taiwan,3
2175,2012,Thailand,1
2176,2012,The former Yugoslav Republic of Macedonia,0
2177,2012,Turkey,0
2178,2012,Uganda,0
2179,2012,Ukraine,15
2180,2012,United Kingdom,18
2181,2012,United States of America,43
2182,2012,Uzbekistan,0
2183,2012,Venezuela (Bolivarian Republic of),3
2184,2013,Andorra,0
2185,2013,Argentina,1
2186,2013,Australia,4
2187,2013,Austria,27
2188,2013,Azerbaijan,17
2189,2013,Belarus,0
2190,2013,Belgium,10
2191,2013,Bolivia (Plurinational State of),0
2192,2013,Bosnia and Herzegovina,0
2193,2013,Botswana,0
2194,2013,Brazil,3
2195,2013,Brunei Darussalam,0
2196,2013,Bulgaria,0
2197,2013,Cambodia,0
2198,2013,Canada,24
2199,2013,Chile,4
2200,2013,China,20
2201,2013,"China, Hong Kong Special Administrative Region",1
2202,2013,"China, Macao Special Administrative Region",0
2203,2013,Colombia,0
2204,2013,Costa Rica,0
2205,2013,Croatia,0
2206,2013,Cyprus,0
2207,2013,Czechia,14
2208,2013,Democratic Republic of the Congo,0
2209,2013,Denmark,0
2210,2013,Ecuador,0
2211,2013,El Salvador,0
2212,2013,Estonia,0
2213,2013,Finland,4
2214,2013,France,46
2215,2013,Georgia,4
2216,2013,Germany,30
2217,2013,Greece,0
2218,2013,Guam,0
2219,2013,Guatemala,0
2220,2013,Honduras,0
2221,2013,Hungary,1
2222,2013,Iceland,0
2223,2013,India,2
2224,2013,Indonesia,3
2225,2013,Iran (Islamic Republic of),3
2226,2013,Iraq,0
2227,2013,Ireland,0
2228,2013,Israel,4
2229,2013,Italy,23
2230,2013,Japan,29
2231,2013,Jordan,0
2232,2013,Kazakhstan,5
2233,2013,Kuwait,0
2234,2013,Latvia,1
2235,2013,Lebanon,0
2236,2013,Lithuania,8
2237,2013,Luxembourg,0
2238,2013,Malaysia,3
2239,2013,Mauritius,0
2240,2013,Mexico,7
2241,2013,Mongolia,0
2242,2013,Nepal,0
2243,2013,Netherlands,12
2244,2013,New Zealand,0
2245,2013,Nigeria,0
2246,2013,Norway,5
2247,2013,Pakistan,1
2248,2013,Peru,1
2249,2013,Philippines,0
2250,2013,Poland,15
2251,2013,Portugal,1
2252,2013,Puerto Rico,0
2253,2013,Republic of Korea,28
2254,2013,Romania,0
2255,2013,Russia,73
2256,2013,Saudi Arabia,0
2257,2013,Serbia,2
2258,2013,Singapore,0
2259,2013,Slovakia,3
2260,2013,Slovenia,19
2261,2013,South Africa,0
2262,2013,Spain,9
2263,2013,Sweden,8
2264,2013,Switzerland,19
2265,2013,Taiwan,0
2266,2013,Thailand,2
2267,2013,The former Yugoslav Republic of Macedonia,1
2268,2013,Turkey,0
2269,2013,Uganda,0
2270,2013,Ukraine,22
2271,2013,United Kingdom,17
2272,2013,United States of America,29
2273,2013,Uzbekistan,0
2274,2013,Venezuela (Bolivarian Republic of),3
2275,2014,Andorra,0
2276,2014,Argentina,0
2277,2014,Australia,5
2278,2014,Austria,32
2279,2014,Azerbaijan,10
2280,2014,Belarus,0
2281,2014,Belgium,8
2282,2014,Bolivia (Plurinational State of),0
2283,2014,Bosnia and Herzegovina,0
2284,2014,Botswana,0
2285,2014,Brazil,0
2286,2014,Brunei Darussalam,0
2287,2014,Bulgaria,1
2288,2014,Cambodia,0
2289,2014,Canada,30
2290,2014,Chile,0
2291,2014,China,14
2292,2014,"China, Hong Kong Special Administrative Region",5
2293,2014,"China, Macao Special Administrative Region",0
2294,2014,Colombia,0
2295,2014,Costa Rica,0
2296,2014,Croatia,0
2297,2014,Cyprus,0
2298,2014,Czechia,17
2299,2014,Democratic Republic of the Congo,0
2300,2014,Denmark,2
2301,2014,Ecuador,8
2302,2014,El Salvador,0
2303,2014,Estonia,0
2304,2014,Finland,0
2305,2014,France,46
2306,2014,Georgia,10
2307,2014,Germany,19
2308,2014,Greece,0
2309,2014,Guam,0
2310,2014,Guatemala,0
2311,2014,Honduras,0
2312,2014,Hungary,0
2313,2014,Iceland,0
2314,2014,India,0
2315,2014,Indonesia,8
2316,2014,Iran (Islamic Republic of),12
2317,2014,Iraq,0
2318,2014,Ireland,4
2319,2014,Israel,6
2320,2014,Italy,29
2321,2014,Japan,41
2322,2014,Jordan,0
2323,2014,Kazakhstan,3
2324,2014,Kuwait,0
2325,2014,Latvia,2
2326,2014,Lebanon,0
2327,2014,Lithuania,3
2328,2014,Luxembourg,0
2329,2014,Malaysia,0
2330,2014,Mauritius,0
2331,2014,Mexico,5
2332,2014,Mongolia,0
2333,2014,Nepal,2
2334,2014,Netherlands,7
2335,2014,New Zealand,0
2336,2014,Nigeria,0
2337,2014,Norway,6
2338,2014,Pakistan,0
2339,2014,Peru,0
2340,2014,Philippines,0
2341,2014,Poland,24
2342,2014,Portugal,1
2343,2014,Puerto Rico,0
2344,2014,Republic of Korea,32
2345,2014,Romania,5
2346,2014,Russia,48
2347,2014,Saudi Arabia,0
2348,2014,Serbia,2
2349,2014,Singapore,0
2350,2014,Slovakia,5
2351,2014,Slovenia,16
2352,2014,South Africa,0
2353,2014,Spain,11
2354,2014,Sweden,9
2355,2014,Switzerland,22
2356,2014,Taiwan,1
2357,2014,Thailand,9
2358,2014,The former Yugoslav Republic of Macedonia,0
2359,2014,Turkey,5
2360,2014,Uganda,0
2361,2014,Ukraine,9
2362,2014,United Kingdom,18
2363,2014,United States of America,36
2364,2014,Uzbekistan,0
2365,2014,Venezuela (Bolivarian Republic of),0
2366,2015,Andorra,0
2367,2015,Argentina,5
2368,2015,Australia,11
2369,2015,Austria,30
2370,2015,Azerbaijan,2
2371,2015,Belarus,0
2372,2015,Belgium,17
2373,2015,Bolivia (Plurinational State of),0
2374,2015,Bosnia and Herzegovina,0
2375,2015,Botswana,0
2376,2015,Brazil,2
2377,2015,Brunei Darussalam,0
2378,2015,Bulgaria,3
2379,2015,Cambodia,0
2380,2015,Canada,52
2381,2015,Chile,1
2382,2015,China,15
2383,2015,"China, Hong Kong Special Administrative Region",5
2384,2015,"China, Macao Special Administrative Region",0
2385,2015,Colombia,1
2386,2015,Costa Rica,0
2387,2015,Croatia,3
2388,2015,Cyprus,2
2389,2015,Czechia,19
2390,2015,Democratic Republic of the Congo,0
2391,2015,Denmark,3
2392,2015,Ecuador,4
2393,2015,El Salvador,0
2394,2015,Estonia,0
2395,2015,Finland,0
2396,2015,France,40
2397,2015,Georgia,0
2398,2015,Germany,36
2399,2015,Greece,0
2400,2015,Guam,0
2401,2015,Guatemala,2
2402,2015,Honduras,0
2403,2015,Hungary,2
2404,2015,Iceland,0
2405,2015,India,0
2406,2015,Indonesia,0
2407,2015,Iran (Islamic Republic of),11
2408,2015,Iraq,0
2409,2015,Ireland,1
2410,2015,Israel,7
2411,2015,Italy,29
2412,2015,Japan,34
2413,2015,Jordan,0
2414,2015,Kazakhstan,7
2415,2015,Kuwait,0
2416,2015,Latvia,2
2417,2015,Lebanon,0
2418,2015,Lithuania,4
2419,2015,Luxembourg,1
2420,2015,Malaysia,0
2421,2015,Mauritius,0
2422,2015,Mexico,7
2423,2015,Mongolia,0
2424,2015,Nepal,0
2425,2015,Netherlands,9
2426,2015,New Zealand,0
2427,2015,Nigeria,0
2428,2015,Norway,30
2429,2015,Pakistan,0
2430,2015,Peru,0
2431,2015,Philippines,0
2432,2015,Poland,21
2433,2015,Portugal,0
2434,2015,Puerto Rico,0
2435,2015,Republic of Korea,18
2436,2015,Romania,1
2437,2015,Russia,38
2438,2015,Saudi Arabia,0
2439,2015,Serbia,1
2440,2015,Singapore,0
2441,2015,Slovakia,2
2442,2015,Slovenia,18
2443,2015,South Africa,2
2444,2015,Spain,13
2445,2015,Sweden,8
2446,2015,Switzerland,22
2447,2015,Taiwan,1
2448,2015,Thailand,1
2449,2015,The former Yugoslav Republic of Macedonia,0
2450,2015,Turkey,5
2451,2015,Uganda,0
2452,2015,Ukraine,12
2453,2015,United Kingdom,16
2454,2015,United States of America,41
2455,2015,Uzbekistan,0
2456,2015,Venezuela (Bolivarian Republic of),0
2457,2016,Andorra,0
2458,2016,Argentina,0
2459,2016,Australia,9
2460,2016,Austria,35
2461,2016,Azerbaijan,0
2462,2016,Belarus,0
2463,2016,Belgium,12
2464,2016,Bolivia (Plurinational State of),0
2465,2016,Bosnia and Herzegovina,0
2466,2016,Botswana,1
2467,2016,Brazil,1
2468,2016,Brunei Darussalam,1
2469,2016,Bulgaria,7
2470,2016,Cambodia,0
2471,2016,Canada,28
2472,2016,Chile,1
2473,2016,China,26
2474,2016,"China, Hong Kong Special Administrative Region",7
2475,2016,"China, Macao Special Administrative Region",1
2476,2016,Colombia,0
2477,2016,Costa Rica,0
2478,2016,Croatia,5
2479,2016,Cyprus,1
2480,2016,Czechia,20
2481,2016,Democratic Republic of the Congo,0
2482,2016,Denmark,6
2483,2016,Ecuador,2
2484,2016,El Salvador,0
2485,2016,Estonia,0
2486,2016,Finland,3
2487,2016,France,45
2488,2016,Georgia,0
2489,2016,Germany,32
2490,2016,Greece,1
2491,2016,Guam,0
2492,2016,Guatemala,4
2493,2016,Honduras,0
2494,2016,Hungary,1
2495,2016,Iceland,0
2496,2016,India,17
2497,2016,Indonesia,5
2498,2016,Iran (Islamic Republic of),17
2499,2016,Iraq,0
2500,2016,Ireland,2
2501,2016,Israel,9
2502,2016,Italy,50
2503,2016,Japan,57
2504,2016,Jordan,0
2505,2016,Kazakhstan,1
2506,2016,Kuwait,0
2507,2016,Latvia,2
2508,2016,Lebanon,0
2509,2016,Lithuania,5
2510,2016,Luxembourg,0
2511,2016,Malaysia,0
2512,2016,Mauritius,0
2513,2016,Mexico,0
2514,2016,Mongolia,2
2515,2016,Nepal,4
2516,2016,Netherlands,8
2517,2016,New Zealand,0
2518,2016,Nigeria,0
2519,2016,Norway,8
2520,2016,Pakistan,2
2521,2016,Peru,0
2522,2016,Philippines,0
2523,2016,Poland,21
2524,2016,Portugal,4
2525,2016,Puerto Rico,0
2526,2016,Republic of Korea,13
2527,2016,Romania,8
2528,2016,Russia,34
2529,2016,Saudi Arabia,0
2530,2016,Serbia,1
2531,2016,Singapore,0
2532,2016,Slovakia,3
2533,2016,Slovenia,20
2534,2016,South Africa,1
2535,2016,Spain,13
2536,2016,Sweden,8
2537,2016,Switzerland,24
2538,2016,Taiwan,3
2539,2016,Thailand,0
2540,2016,The former Yugoslav Republic of Macedonia,1
2541,2016,Turkey,5
2542,2016,Uganda,0
2543,2016,Ukraine,13
2544,2016,United Kingdom,14
2545,2016,United States of America,50
2546,2016,Uzbekistan,0
2547,2016,Venezuela (Bolivarian Republic of),0
2548,2017,Andorra,0
2549,2017,Argentina,5
2550,2017,Australia,12
2551,2017,Austria,28
2552,2017,Azerbaijan,0
2553,2017,Belarus,0
2554,2017,Belgium,14
2555,2017,Bolivia (Plurinational State of),0
2556,2017,Bosnia and Herzegovina,0
2557,2017,Botswana,0
2558,2017,Brazil,4
2559,2017,Brunei Darussalam,0
2560,2017,Bulgaria,5
2561,2017,Cambodia,0
2562,2017,Canada,31
2563,2017,Chile,3
2564,2017,China,24
2565,2017,"China, Hong Kong Special Administrative Region",9
2566,2017,"China, Macao Special Administrative Region",2
2567,2017,Colombia,0
2568,2017,Costa Rica,0
2569,2017,Croatia,5
2570,2017,Cyprus,2
2571,2017,Czechia,20
2572,2017,Democratic Republic of the Congo,0
2573,2017,Denmark,8
2574,2017,Ecuador,11
2575,2017,El Salvador,0
2576,2017,Estonia,0
2577,2017,Finland,3
2578,2017,France,45
2579,2017,Georgia,0
2580,2017,Germany,36
2581,2017,Greece,2
2582,2017,Guam,0
2583,2017,Guatemala,0
2584,2017,Honduras,0
2585,2017,Hungary,4
2586,2017,Iceland,0
2587,2017,India,16
2588,2017,Indonesia,19
2589,2017,Iran (Islamic Republic of),22
2590,2017,Iraq,0
2591,2017,Ireland,1
2592,2017,Israel,11
2593,2017,Italy,44
2594,2017,Japan,50
2595,2017,Jordan,0
2596,2017,Kazakhstan,9
2597,2017,Kuwait,0
2598,2017,Latvia,7
2599,2017,Lebanon,0
2600,2017,Lithuania,4
2601,2017,Luxembourg,1
2602,2017,Malaysia,0
2603,2017,Mauritius,0
2604,2017,Mexico,0
2605,2017,Mongolia,0
2606,2017,Nepal,5
2607,2017,Netherlands,1
2608,2017,New Zealand,0
2609,2017,Nigeria,0
2610,2017,Norway,12
2611,2017,Pakistan,0
2612,2017,Peru,0
2613,2017,Philippines,0
2614,2017,Poland,19
2615,2017,Portugal,5
2616,2017,Puerto Rico,0
2617,2017,Republic of Korea,22
2618,2017,Romania,3
2619,2017,Russia,47
2620,2017,Saudi Arabia,0
2621,2017,Serbia,1
2622,2017,Singapore,0
2623,2017,Slovakia,3
2624,2017,Slovenia,22
2625,2017,South Africa,5
2626,2017,Spain,12
2627,2017,Sweden,10
2628,2017,Switzerland,24
2629,2017,Taiwan,3
2630,2017,Thailand,9
2631,2017,The former Yugoslav Republic of Macedonia,1
2632,2017,Turkey,7
2633,2017,Uganda,0
2634,2017,Ukraine,19
2635,2017,United Kingdom,29
2636,2017,United States of America,69
2637,2017,Uzbekistan,0
2638,2017,Venezuela (Bolivarian Republic of),0
2639,2018,Andorra,0
2640,2018,Argentina,2
2641,2018,Australia,16
2642,2018,Austria,32
2643,2018,Azerbaijan,0
2644,2018,Belarus,7
2645,2018,Belgium,15
2646,2018,Bolivia (Plurinational State of),0
2647,2018,Bosnia and Herzegovina,0
2648,2018,Botswana,0
2649,2018,Brazil,8
2650,2018,Brunei Darussalam,0
2651,2018,Bulgaria,3
2652,2018,Cambodia,0
2653,2018,Canada,30
2654,2018,Chile,6
2655,2018,China,27
2656,2018,"China, Hong Kong Special Administrative Region",9
2657,2018,"China, Macao Special Administrative Region",1
2658,2018,Colombia,0
2659,2018,Costa Rica,0
2660,2018,Croatia,1
2661,2018,Cyprus,0
2662,2018,Czechia,21
2663,2018,Democratic Republic of the Congo,0
2664,2018,Denmark,4
2665,2018,Ecuador,5
2666,2018,El Salvador,0
2667,2018,Estonia,2
2668,2018,Finland,0
2669,2018,France,48
2670,2018,Georgia,0
2671,2018,Germany,30
2672,2018,Greece,0
2673,2018,Guam,0
2674,2018,Guatemala,0
2675,2018,Honduras,0
2676,2018,Hungary,2
2677,2018,Iceland,0
2678,2018,India,0
2679,2018,Indonesia,16
2680,2018,Iran (Islamic Republic of),17
2681,2018,Iraq,0
2682,2018,Ireland,2
2683,2018,Israel,12
2684,2018,Italy,41
2685,2018,Japan,50
2686,2018,Jordan,0
2687,2018,Kazakhstan,10
2688,2018,Kuwait,0
2689,2018,Latvia,9
2690,2018,Lebanon,0
2691,2018,Lithuania,2
2692,2018,Luxembourg,2
2693,2018,Malaysia,0
2694,2018,Mauritius,0
2695,2018,Mexico,0
2696,2018,Mongolia,0
2697,2018,Nepal,0
2698,2018,Netherlands,9
2699,2018,New Zealand,6
2700,2018,Nigeria,0
2701,2018,Norway,5
2702,2018,Pakistan,0
2703,2018,Peru,1
2704,2018,Philippines,0
2705,2018,Poland,16
2706,2018,Portugal,3
2707,2018,Puerto Rico,1
2708,2018,Republic of Korea,17
2709,2018,Romania,0
2710,2018,Russia,80
2711,2018,Saudi Arabia,0
2712,2018,Serbia,1
2713,2018,Singapore,13
2714,2018,Slovakia,6
2715,2018,Slovenia,21
2716,2018,South Africa,1
2717,2018,Spain,17
2718,2018,Sweden,10
2719,2018,Switzerland,22
2720,2018,Taiwan,5
2721,2018,Thailand,4
2722,2018,The former Yugoslav Republic of Macedonia,0
2723,2018,Turkey,11
2724,2018,Uganda,0
2725,2018,Ukraine,19
2726,2018,United Kingdom,23
2727,2018,United States of America,55
2728,2018,Uzbekistan,0
2729,2018,Venezuela (Bolivarian Republic of),0
2730,2019,Andorra,0
2731,2019,Argentina,2
2732,2019,Australia,14
2733,2019,Austria,31
2734,2019,Azerbaijan,0
2735,2019,Belarus,10
2736,2019,Belgium,17
2737,2019,Bolivia (Plurinational State of),0
2738,2019,Bosnia and Herzegovina,0
2739,2019,Botswana,0
2740,2019,Brazil,3
2741,2019,Brunei Darussalam,0
2742,2019,Bulgaria,1
2743,2019,Cambodia,0
2744,2019,Canada,17
2745,2019,Chile,7
2746,2019,China,27
2747,2019,"China, Hong Kong Special Administrative Region",9
2748,2019,"China, Macao Special Administrative Region",1
2749,2019,Colombia,0
2750,2019,Costa Rica,0
2751,2019,Croatia,0
2752,2019,Cyprus,0
2753,2019,Czechia,18
2754,2019,Democratic Republic of the Congo,0
2755,2019,Denmark,4
2756,2019,Ecuador,4
2757,2019,El Salvador,0
2758,2019,Estonia,4
2759,2019,Finland,4
2760,2019,France,39
2761,2019,Georgia,3
2762,2019,Germany,25
2763,2019,Greece,5
2764,2019,Guam,0
2765,2019,Guatemala,3
2766,2019,Honduras,0
2767,2019,Hungary,3
2768,2019,Iceland,0
2769,2019,India,4
2770,2019,Indonesia,12
2771,2019,Iran (Islamic Republic of),14
2772,2019,Iraq,0
2773,2019,Ireland,0
2774,2019,Israel,11
2775,2019,Italy,19
2776,2019,Japan,38
2777,2019,Jordan,0
2778,2019,Kazakhstan,7
2779,2019,Kuwait,0
2780,2019,Latvia,0
2781,2019,Lebanon,0
2782,2019,Lithuania,2
2783,2019,Luxembourg,0
2784,2019,Malaysia,2
2785,2019,Mauritius,0
2786,2019,Mexico,5
2787,2019,Mongolia,0
2788,2019,Nepal,0
2789,2019,Netherlands,13
2790,2019,New Zealand,5
2791,2019,Nigeria,0
2792,2019,Norway,3
2793,2019,Pakistan,0
2794,2019,Peru,5
2795,2019,Philippines,0
2796,2019,Poland,6
2797,2019,Portugal,3
2798,2019,Puerto Rico,0
2799,2019,Republic of Korea,12
2800,2019,Romania,2
2801,2019,Russia,45
2802,2019,Saudi Arabia,0
2803,2019,Serbia,0
2804,2019,Singapore,1
2805,2019,Slovakia,6
2806,2019,Slovenia,22
2807,2019,South Africa,3
2808,2019,Spain,13
2809,2019,Sweden,7
2810,2019,Switzerland,22
2811,2019,Taiwan,4
2812,2019,Thailand,5
2813,2019,The former Yugoslav Republic of Macedonia,0
2814,2019,Turkey,0
2815,2019,Uganda,0
2816,2019,Ukraine,10
2817,2019,United Kingdom,18
2818,2019,United States of America,28
2819,2019,Uzbekistan,0
2820,2019,Venezuela (Bolivarian Republic of),0
2821,2020,Andorra,0
2822,2020,Argentina,0
2823,2020,Australia,0
2824,2020,Austria,9
2825,2020,Azerbaijan,0
2826,2020,Belarus,0
2827,2020,Belgium,7
2828,2020,Bolivia (Plurinational State of),0
2829,2020,Bosnia and Herzegovina,0
2830,2020,Botswana,0
2831,2020,Brazil,1
2832,2020,Brunei Darussalam,0
2833,2020,Bulgaria,0
2834,2020,Cambodia,0
2835,2020,Canada,0
2836,2020,Chile,0
2837,2020,China,0
2838,2020,"China, Hong Kong Special Administrative Region",0
2839,2020,"China, Macao Special Administrative Region",0
2840,2020,Colombia,0
2841,2020,Costa Rica,0
2842,2020,Croatia,0
2843,2020,Cyprus,0
2844,2020,Czechia,10
2845,2020,Democratic Republic of the Congo,0
2846,2020,Denmark,0
2847,2020,Ecuador,0
2848,2020,El Salvador,0
2849,2020,Estonia,0
2850,2020,Finland,0
2851,2020,France,20
2852,2020,Georgia,0
2853,2020,Germany,11
2854,2020,Greece,0
2855,2020,Guam,0
2856,2020,Guatemala,0
2857,2020,Honduras,0
2858,2020,Hungary,0
2859,2020,Iceland,0
2860,2020,India,0
2861,2020,Indonesia,0
2862,2020,Iran (Islamic Republic of),0
2863,2020,Iraq,0
2864,2020,Ireland,0
2865,2020,Israel,0
2866,2020,Italy,10
2867,2020,Japan,0
2868,2020,Jordan,0
2869,2020,Kazakhstan,1
2870,2020,Kuwait,0
2871,2020,Latvia,0
2872,2020,Lebanon,0
2873,2020,Lithuania,0
2874,2020,Luxembourg,0
2875,2020,Malaysia,0
2876,2020,Mauritius,0
2877,2020,Mexico,0
2878,2020,Mongolia,0
2879,2020,Nepal,0
2880,2020,Netherlands,0
2881,2020,New Zealand,0
2882,2020,Nigeria,0
2883,2020,Norway,0
2884,2020,Pakistan,0
2885,2020,Peru,0
2886,2020,Philippines,0
2887,2020,Poland,0
2888,2020,Portugal,0
2889,2020,Puerto Rico,0
2890,2020,Republic of Korea,0
2891,2020,Romania,0
2892,2020,Russia,0
2893,2020,Saudi Arabia,0
2894,2020,Serbia,1
2895,2020,Singapore,0
2896,2020,Slovakia,0
2897,2020,Slovenia,11
2898,2020,South Africa,0
2899,2020,Spain,6
2900,2020,Sweden,0
2901,2020,Switzerland,0
2902,2020,Taiwan,0
2903,2020,Thailand,0
2904,2020,The former Yugoslav Republic of Macedonia,0
2905,2020,Turkey,0
2906,2020,Uganda,0
2907,2020,Ukraine,0
2908,2020,United Kingdom,0
2909,2020,United States of America,0
2910,2020,Uzbekistan,0
2911,2020,Venezuela (Bolivarian Republic of),0
2912,2021,Andorra,0
2913,2021,Argentina,1
2914,2021,Australia,2
2915,2021,Austria,32
2916,2021,Azerbaijan,0
2917,2021,Belarus,0
2918,2021,Belgium,9
2919,2021,Bolivia (Plurinational State of),0
2920,2021,Bosnia and Herzegovina,0
2921,2021,Botswana,0
2922,2021,Brazil,2
2923,2021,Brunei Darussalam,0
2924,2021,Bulgaria,3
2925,2021,Cambodia,0
2926,2021,Canada,7
2927,2021,Chile,3
2928,2021,China,0
2929,2021,"China, Hong Kong Special Administrative Region",0
2930,2021,"China, Macao Special Administrative Region",0
2931,2021,Colombia,0
2932,2021,Costa Rica,0
2933,2021,Croatia,1
2934,2021,Cyprus,0
2935,2021,Czechia,17
2936,2021,Democratic Republic of the Congo,0
2937,2021,Denmark,6
2938,2021,Ecuador,4
2939,2021,El Salvador,0
2940,2021,Estonia,0
2941,2021,Finland,5
2942,2021,France,36
2943,2021,Georgia,0
2944,2021,Germany,28
2945,2021,Greece,7
2946,2021,Guam,0
2947,2021,Guatemala,0
2948,2021,Honduras,0
2949,2021,Hungary,7
2950,2021,Iceland,0
2951,2021,India,0
2952,2021,Indonesia,11
2953,2021,Iran (Islamic Republic of),4
2954,2021,Iraq,0
2955,2021,Ireland,0
2956,2021,Israel,18
2957,2021,Italy,28
2958,2021,Japan,30
2959,2021,Jordan,0
2960,2021,Kazakhstan,6
2961,2021,Kuwait,0
2962,2021,Latvia,7
2963,2021,Lebanon,0
2964,2021,Lithuania,7
2965,2021,Luxembourg,1
2966,2021,Malaysia,0
2967,2021,Mauritius,1
2968,2021,Mexico,0
2969,2021,Mongolia,0
2970,2021,Nepal,0
2971,2021,Netherlands,10
2972,2021,New Zealand,0
2973,2021,Nigeria,0
2974,2021,Norway,9
2975,2021,Pakistan,0
2976,2021,Peru,0
2977,2021,Philippines,0
2978,2021,Poland,9
2979,2021,Portugal,0
2980,2021,Puerto Rico,1
2981,2021,Republic of Korea,3
2982,2021,Romania,4
2983,2021,Russia,30
2984,2021,Saudi Arabia,0
2985,2021,Serbia,2
2986,2021,Singapore,0
2987,2021,Slovakia,6
2988,2021,Slovenia,24
2989,2021,South Africa,3
2990,2021,Spain,14
2991,2021,Sweden,9
2992,2021,Switzerland,18
2993,2021,Taiwan,0
2994,2021,Thailand,0
2995,2021,The former Yugoslav Republic of Macedonia,0
2996,2021,Turkey,0
2997,2021,Uganda,0
2998,2021,Ukraine,13
2999,2021,United Kingdom,15
3000,2021,United States of America,43
3001,2021,Uzbekistan,0
3002,2021,Venezuela (Bolivarian Republic of),0
3003,2022,Andorra,0
3004,2022,Argentina,8
3005,2022,Australia,13
3006,2022,Austria,28
3007,2022,Azerbaijan,0
3008,2022,Belarus,0
3009,2022,Belgium,5
3010,2022,Bolivia (Plurinational State of),0
3011,2022,Bosnia and Herzegovina,0
3012,2022,Botswana,0
3013,2022,Brazil,7
3014,2022,Brunei Darussalam,0
3015,2022,Bulgaria,6
3016,2022,Cambodia,0
3017,2022,Canada,24
3018,2022,Chile,7
3019,2022,China,22
3020,2022,"China, Hong Kong Special Administrative Region",9
3021,2022,"China, Macao Special Administrative Region",0
3022,2022,Colombia,0
3023,2022,Costa Rica,0
3024,2022,Croatia,2
3025,2022,Cyprus,0
3026,2022,Czechia,10
3027,2022,Democratic Republic of the Congo,0
3028,2022,Denmark,4
3029,2022,Ecuador,5
3030,2022,El Salvador,0
3031,2022,Estonia,0
3032,2022,Finland,8
3033,2022,France,42
3034,2022,Georgia,0
3035,2022,Germany,28
3036,2022,Greece,6
3037,2022,Guam,0
3038,2022,Guatemala,0
3039,2022,Honduras,0
3040,2022,Hungary,3
3041,2022,Iceland,0
3042,2022,India,5
3043,2022,Indonesia,42
3044,2022,Iran (Islamic Republic of),10
3045,2022,Iraq,0
3046,2022,Ireland,4
3047,2022,Israel,15
3048,2022,Italy,29
3049,2022,Japan,45
3050,2022,Jordan,0
3051,2022,Kazakhstan,11
3052,2022,Kuwait,0
3053,2022,Latvia,1
3054,2022,Lebanon,0
3055,2022,Lithuania,4
3056,2022,Luxembourg,1
3057,2022,Malaysia,0
3058,2022,Mauritius,3
3059,2022,Mexico,9
3060,2022,Mongolia,1
3061,2022,Nepal,0
3062,2022,Netherlands,7
3063,2022,New Zealand,9
3064,2022,Nigeria,0
3065,2022,Norway,9
3066,2022,Pakistan,0
3067,2022,Peru,1
3068,2022,Philippines,0
3069,2022,Poland,12
3070,2022,Portugal,0
3071,2022,Puerto Rico,1
3072,2022,Republic of Korea,40
3073,2022,Romania,0
3074,2022,Russia,0
3075,2022,Saudi Arabia,0
3076,2022,Serbia,3
3077,2022,Singapore,5
3078,2022,Slovakia,3
3079,2022,Slovenia,20
3080,2022,South Africa,7
3081,2022,Spain,13
3082,2022,Sweden,4
3083,2022,Switzerland,21
3084,2022,Taiwan,3
3085,2022,Thailand,1
3086,2022,The former Yugoslav Republic of Macedonia,0
3087,2022,Turkey,0
3088,2022,Uganda,0
3089,2022,Ukraine,15
3090,2022,United Kingdom,27
3091,2022,United States of America,49
3092,2022,Uzbekistan,0
3093,2022,Venezuela (Bolivarian Republic of),0
3094,2023,Andorra,0
3095,2023,Argentina,7
3096,2023,Australia,15
3097,2023,Austria,30
3098,2023,Azerbaijan,0
3099,2023,Belarus,0
3100,2023,Belgium,8
3101,2023,Bolivia (Plurinational State of),0
3102,2023,Bosnia and Herzegovina,0
3103,2023,Botswana,0
3104,2023,Brazil,10
3105,2023,Brunei Darussalam,0
3106,2023,Bulgaria,3
3107,2023,Cambodia,2
3108,2023,Canada,18
3109,2023,Chile,12
3110,2023,China,34
3111,2023,"China, Hong Kong Special Administrative Region",7
3112,2023,"China, Macao Special Administrative Region",1
3113,2023,Colombia,0
3114,2023,Costa Rica,0
3115,2023,Croatia,1
3116,2023,Cyprus,0
3117,2023,Czechia,14
3118,2023,Democratic Republic of the Congo,0
3119,2023,Denmark,2
3120,2023,Ecuador,6
3121,2023,El Salvador,2
3122,2023,Estonia,0
3123,2023,Finland,6
3124,2023,France,48
3125,2023,Georgia,2
3126,2023,Germany,27
3127,2023,Greece,6
3128,2023,Guam,0
3129,2023,Guatemala,0
3130,2023,Honduras,2
3131,2023,Hungary,1
3132,2023,Iceland,3
3133,2023,India,11
3134,2023,Indonesia,24
3135,2023,Iran (Islamic Republic of),10
3136,2023,Iraq,0
3137,2023,Ireland,3
3138,2023,Israel,12
3139,2023,Italy,35
3140,2023,Japan,48
3141,2023,Jordan,0
3142,2023,Kazakhstan,13
3143,2023,Kuwait,0
3144,2023,Latvia,3
3145,2023,Lebanon,0
3146,2023,Lithuania,2
3147,2023,Luxembourg,1
3148,2023,Malaysia,1
3149,2023,Mauritius,0
3150,2023,Mexico,12
3151,2023,Mongolia,0
3152,2023,Nepal,0
3153,2023,Netherlands,3
3154,2023,New Zealand,7
3155,2023,Nigeria,0
3156,2023,Norway,6
3157,2023,Pakistan,3
3158,2023,Peru,2
3159,2023,Philippines,3
3160,2023,Poland,9
3161,2023,Portugal,2
3162,2023,Puerto Rico,2
3163,2023,Republic of Korea,37
3164,2023,Romania,1
3165,2023,Russia,0
3166,2023,Saudi Arabia,0
3167,2023,Serbia,2
3168,2023,Singapore,4
3169,2023,Slovakia,4
3170,2023,Slovenia,22
3171,2023,South Africa,7
3172,2023,Spain,11
3173,2023,Sweden,2
3174,2023,Switzerland,17
3175,2023,Taiwan,3
3176,2023,Thailand,3
3177,2023,The former Yugoslav Republic of Macedonia,4
3178,2023,Turkey,1
3179,2023,Uganda,0
3180,2023,Ukraine,7
3181,2023,United Kingdom,18
3182,2023,United States of America,47
3183,2023,Uzbekistan,0
3184,2023,Venezuela (Bolivarian Republic of),4
3185,2024,Andorra,0
3186,2024,Argentina,1
3187,2024,Australia,10
3188,2024,Austria,31
3189,2024,Azerbaijan,0
3190,2024,Belarus,0
3191,2024,Belgium,9
3192,2024,Bolivia (Plurinational State of),0
3193,2024,Bosnia and Herzegovina,0
3194,2024,Botswana,0
3195,2024,Brazil,8
3196,2024,Brunei Darussalam,0
3197,2024,Bulgaria,4
3198,2024,Cambodia,0
3199,2024,Canada,16
3200,2024,Chile,9
3201,2024,China,44
3202,2024,"China, Hong Kong Special Administrative Region",8
3203,2024,"China, Macao Special Administrative Region",5
3204,2024,Colombia,0
3205,2024,Costa Rica,0
3206,2024,Croatia,3
3207,2024,Cyprus,3
3208,2024,Czechia,11
3209,2024,Democratic Republic of the Congo,0
3210,2024,Denmark,1
3211,2024,Ecuador,3
3212,2024,El Salvador,0
3213,2024,Estonia,0
3214,2024,Finland,5
3215,2024,France,49
3216,2024,Georgia,0
3217,2024,Germany,32
3218,2024,Greece,6
3219,2024,Guam,6
3220,2024,Guatemala,0
3221,2024,Honduras,0
3222,2024,Hungary,2
3223,2024,Iceland,3
3224,2024,India,7
3225,2024,Indonesia,16
3226,2024,Iran (Islamic Republic of),10
3227,2024,Iraq,0
3228,2024,Ireland,2
3229,2024,Israel,11
3230,2024,Italy,26
3231,2024,Japan,43
3232,2024,Jordan,0
3233,2024,Kazakhstan,12
3234,2024,Kuwait,1
3235,2024,Latvia,3
3236,2024,Lebanon,0
3237,2024,Lithuania,2
3238,2024,Luxembourg,1
3239,2024,Malaysia,5
3240,2024,Mauritius,0
3241,2024,Mexico,14
3242,2024,Mongolia,1
3243,2024,Nepal,0
3244,2024,Netherlands,5
3245,2024,New Zealand,6
3246,2024,Nigeria,1
3247,2024,Norway,6
3248,2024,Pakistan,0
3249,2024,Peru,4
3250,2024,Philippines,0
3251,2024,Poland,8
3252,2024,Portugal,0
3253,2024,Puerto Rico,1
3254,2024,Republic of Korea,41
3255,2024,Romania,6
3256,2024,Russia,0
3257,2024,Saudi Arabia,5
3258,2024,Serbia,1
3259,2024,Singapore,5
3260,2024,Slovakia,6
3261,2024,Slovenia,24
3262,2024,South Africa,10
3263,2024,Spain,9
3264,2024,Sweden,3
3265,2024,Switzerland,11
3266,2024,Taiwan,6
3267,2024,Thailand,5
3268,2024,The former Yugoslav Republic of Macedonia,0
3269,2024,Turkey,2
3270,2024,Uganda,0
3271,2024,Ukraine,7
3272,2024,United Kingdom,17
3273,2024,United States of America,50
3274,2024,Uzbekistan,0
3275,2024,Venezuela (Bolivarian Republic of),0
3276,2025,Andorra,0
3277,2025,Argentina,9
3278,2025,Australia,9
3279,2025,Austria,35
3280,2025,Azerbaijan,0
3281,2025,Belarus,0
3282,2025,Belgium,8
3283,2025,Bolivia (Plurinational State of),2
3284,2025,Bosnia and Herzegovina,0
3285,2025,Botswana,0
3286,2025,Brazil,14
3287,2025,Brunei Darussalam,0
3288,2025,Bulgaria,4
3289,2025,Cambodia,0
3290,2025,Canada,25
3291,2025,Chile,9
3292,2025,China,42
3293,2025,"China, Hong Kong Special Administrative Region",9
3294,2025,"China, Macao Special Administrative Region",6
3295,2025,Colombia,3
3296,2025,Costa Rica,4
3297,2025,Croatia,1
3298,2025,Cyprus,0
3299,2025,Czechia,13
3300,2025,Democratic Republic of the Congo,0
3301,2025,Denmark,0
3302,2025,Ecuador,4
3303,2025,El Salvador,0
3304,2025,Estonia,0
3305,2025,Finland,6
3306,2025,France,52
3307,2025,Georgia,0
3308,2025,Germany,37
3309,2025,Greece,3
3310,2025,Guam,1
3311,2025,Guatemala,0
3312,2025,Honduras,3
3313,2025,Hungary,3
3314,2025,Iceland,4
3315,2025,India,4
3316,2025,Indonesia,32
3317,2025,Iran (Islamic Republic of),8
3318,2025,Iraq,0
3319,2025,Ireland,2
3320,2025,Israel,14
3321,2025,Italy,36
3322,2025,Japan,42
3323,2025,Jordan,0
3324,2025,Kazakhstan,10
3325,2025,Kuwait,1
3326,2025,Latvia,1
3327,2025,Lebanon,0
3328,2025,Lithuania,4
3329,2025,Luxembourg,2
3330,2025,Malaysia,4
3331,2025,Mauritius,0
3332,2025,Mexico,16
3333,2025,Mongolia,0
3334,2025,Nepal,0
3335,2025,Netherlands,4
3336,2025,New Zealand,6
3337,2025,Nigeria,0
3338,2025,Norway,6
3339,2025,Pakistan,0
3340,2025,Peru,6
3341,2025,Philippines,0
3342,2025,Poland,19
3343,2025,Portugal,0
3344,2025,Puerto Rico,0
3345,2025,Republic of Korea,27
3346,2025,Romania,4
3347,2025,Russia,0
3348,2025,Saudi Arabia,4
3349,2025,Serbia,0
3350,2025,Singapore,8
3351,2025,Slovakia,7
3352,2025,Slovenia,22
3353,2025,South Africa,8
3354,2025,Spain,20
3355,2025,Sweden,6
3356,2025,Switzerland,19
3357,2025,Taiwan,5
3358,2025,Thailand,4
3359,2025,The former Yugoslav Republic of Macedonia,0
3360,2025,Turkey,4
3361,2025,Uganda,1
3362,2025,Ukraine,10
3363,2025,United Kingdom,16
3364,2025,United States of America,45
3365,2025,Uzbekistan,0
3366,2025,Venezuela (Bolivarian Republic of),7
3367,2026,Andorra,0
3368,2026,Argentina,6
3369,2026,Australia,11
3370,2026,Austria,35
3371,2026,Azerbaijan,0
3372,2026,Belarus,0
3373,2026,Belgium,5
3374,2026,Bolivia (Plurinational State of),0
3375,2026,Bosnia and Herzegovina,2
3376,2026,Botswana,0
3377,2026,Brazil,10
3378,2026,Brunei Darussalam,0
3379,2026,Bulgaria,5
3380,2026,Cambodia,0
3381,2026,Canada,25
3382,2026,Chile,13
3383,2026,China,41
3384,2026,"China, Hong Kong Special Administrative Region",10
3385,2026,"China, Macao Special Administrative Region",1
3386,2026,Colombia,9
3387,2026,Costa Rica,0
3388,2026,Croatia,3
3389,2026,Cyprus,0
3390,2026,Czechia,22
3391,2026,Democratic Republic of the Congo,1
3392,2026,Denmark,0
3393,2026,Ecuador,5
3394,2026,El Salvador,0
3395,2026,Estonia,3
3396,2026,Finland,6
3397,2026,France,49
3398,2026,Georgia,0
3399,2026,Germany,30
3400,2026,Greece,2
3401,2026,Guam,1
3402,2026,Guatemala,4
3403,2026,Honduras,0
3404,2026,Hungary,2
3405,2026,Iceland,2
3406,2026,India,2
3407,2026,Indonesia,14
3408,2026,Iran (Islamic Republic of),5
3409,2026,Iraq,0
3410,2026,Ireland,0
3411,2026,Israel,16
3412,2026,Italy,32
3413,2026,Japan,35
3414,2026,Jordan,0
3415,2026,Kazakhstan,8
3416,2026,Kuwait,1
3417,2026,Latvia,0
3418,2026,Lebanon,1
3419,2026,Lithuania,2
3420,2026,Luxembourg,0
3421,2026,Malaysia,2
3422,2026,Mauritius,0
3423,2026,Mexico,18
3424,2026,Mongolia,0
3425,2026,Nepal,3
3426,2026,Netherlands,7
3427,2026,New Zealand,8
3428,2026,Nigeria,0
3429,2026,Norway,7
3430,2026,Pakistan,0
3431,2026,Peru,1
3432,2026,Philippines,0
3433,2026,Poland,19
3434,2026,Portugal,3
3435,2026,Puerto Rico,0
3436,2026,Republic of Korea,21
3437,2026,Romania,7
3438,2026,Russia,13
3439,2026,Saudi Arabia,0
3440,2026,Serbia,1
3441,2026,Singapore,5
3442,2026,Slovakia,6
3443,2026,Slovenia,20
3444,2026,South Africa,6
3445,2026,Spain,33
3446,2026,Sweden,6
3447,2026,Switzerland,18
3448,2026,Taiwan,4
3449,2026,Thailand,5
3450,2026,The former Yugoslav Republic of Macedonia,2
3451,2026,Turkey,6
3452,2026,Uganda,1
3453,2026,Ukraine,11
3454,2026,United Kingdom,19
3455,2026,United States of America,39
3456,2026,Uzbekistan,0
3457,2026,Venezuela (Bolivarian Republic of),1
